"ï..Age","Attrition","BusinessTravel","DailyRate","Department","DistanceFromHome","Education","EducationField","EmployeeCount","EnvironmentSatisfaction","HourlyRate","JobInvolvement","JobLevel","JobRole","JobSatisfaction","MaritalStatus","MonthlyIncome","MonthlyRate","NumCompaniesWorked","Over18","PercentSalaryHike","PerformanceRating","RelationshipSatisfaction","StockOptionLevel","TotalWorkingYears","TrainingTimesLastYear","WorkLifeBalance","YearsAtCompany","YearsInCurrentRole","YearsSinceLastPromotion","YearsWithCurrManager"
37,"No","Non-Travel",142,"Sales",9,4,"Medical",1,1,69,3,3,"Sales Executive",2,"Divorced",8834,24666,1,"Y",13,3,4,1,9,6,3,9,5,7,7
30,"No","Travel_Rarely",201,"Research & Development",5,3,"Technical Degree",1,4,84,3,1,"Research Scientist",1,"Divorced",3204,10415,5,"Y",14,3,4,1,8,3,3,3,2,2,2
30,"No","Non-Travel",1116,"Research & Development",2,3,"Medical",1,3,49,3,1,"Laboratory Technician",4,"Single",2564,7181,0,"Y",14,3,3,0,12,2,2,11,7,6,7
41,"Yes","Travel_Frequently",143,"Sales",4,3,"Marketing",1,1,56,3,2,"Sales Executive",2,"Single",9355,9558,1,"Y",18,3,3,0,8,5,3,8,7,7,7
22,"No","Travel_Rarely",253,"Research & Development",11,3,"Medical",1,1,43,3,1,"Research Scientist",2,"Married",2244,24440,1,"Y",13,3,4,1,2,1,3,2,1,1,2
41,"No","Non-Travel",267,"Sales",10,2,"Life Sciences",1,4,56,3,2,"Sales Executive",4,"Single",6230,13430,7,"Y",14,3,4,0,16,3,3,14,3,1,10
34,"No","Travel_Rarely",1442,"Research & Development",9,3,"Medical",1,4,46,2,3,"Healthcare Representative",2,"Single",8621,17654,1,"Y",14,3,2,0,9,3,4,8,7,7,7
54,"No","Non-Travel",142,"Human Resources",26,3,"Human Resources",1,4,30,4,4,"Manager",4,"Single",17328,13871,2,"Y",12,3,3,0,23,3,3,5,3,4,4
51,"No","Travel_Rarely",833,"Research & Development",1,3,"Life Sciences",1,3,96,3,1,"Research Scientist",4,"Married",2723,23231,1,"Y",11,3,2,0,1,0,2,1,0,0,0
53,"No","Travel_Rarely",346,"Research & Development",6,3,"Life Sciences",1,4,86,3,2,"Laboratory Technician",4,"Single",2450,10919,2,"Y",17,3,4,0,19,4,3,2,2,2,2
45,"Yes","Travel_Frequently",306,"Sales",26,4,"Life Sciences",1,1,100,3,2,"Sales Executive",1,"Married",4286,5630,2,"Y",14,3,4,2,5,4,3,1,1,0,0
43,"No","Travel_Rarely",1034,"Sales",16,3,"Marketing",1,4,80,3,4,"Manager",4,"Married",16064,7744,5,"Y",22,4,3,1,22,3,3,17,13,1,9
29,"No","Travel_Rarely",232,"Research & Development",19,3,"Technical Degree",1,4,34,3,2,"Manufacturing Director",4,"Divorced",4262,22645,4,"Y",12,3,2,2,8,2,4,3,2,1,2
29,"No","Travel_Rarely",1389,"Research & Development",21,4,"Life Sciences",1,2,51,4,3,"Manufacturing Director",1,"Divorced",9980,10195,1,"Y",11,3,3,1,10,1,3,10,9,8,8
34,"No","Travel_Rarely",1303,"Research & Development",2,4,"Life Sciences",1,4,62,2,1,"Research Scientist",3,"Divorced",2768,8416,3,"Y",12,3,3,1,14,3,3,7,3,5,7
40,"No","Travel_Rarely",1124,"Sales",1,2,"Medical",1,2,57,1,2,"Sales Executive",4,"Married",7457,13273,2,"Y",22,4,3,3,6,2,2,4,3,0,2
31,"No","Travel_Rarely",329,"Research & Development",1,2,"Life Sciences",1,4,98,2,1,"Laboratory Technician",1,"Married",2218,16193,1,"Y",12,3,3,1,4,3,3,4,2,3,2
31,"No","Travel_Frequently",798,"Research & Development",7,2,"Life Sciences",1,3,48,2,3,"Manufacturing Director",3,"Married",8943,14034,1,"Y",24,4,1,1,10,2,3,10,9,8,9
55,"No","Travel_Rarely",111,"Sales",1,2,"Life Sciences",1,1,70,3,3,"Sales Executive",4,"Married",10239,18092,3,"Y",14,3,4,1,24,4,3,1,0,1,0
25,"Yes","Travel_Rarely",688,"Research & Development",3,3,"Medical",1,1,91,3,1,"Laboratory Technician",1,"Married",4031,9396,5,"Y",13,3,3,1,6,5,3,2,2,0,2
41,"No","Travel_Rarely",334,"Sales",2,4,"Life Sciences",1,4,88,3,4,"Manager",2,"Single",16015,15896,1,"Y",19,3,2,0,22,2,3,22,10,0,4
34,"No","Travel_Rarely",419,"Research & Development",7,4,"Life Sciences",1,1,53,3,3,"Research Director",2,"Single",11994,21293,0,"Y",11,3,3,0,13,4,3,12,6,2,11
46,"No","Travel_Frequently",1211,"Sales",5,4,"Marketing",1,1,98,3,2,"Sales Executive",4,"Single",5772,20445,4,"Y",21,4,3,0,14,4,3,9,6,0,8
41,"Yes","Travel_Rarely",1356,"Sales",20,2,"Marketing",1,2,70,3,1,"Sales Representative",2,"Single",3140,21728,1,"Y",22,4,4,0,4,5,2,4,3,0,2
30,"No","Non-Travel",1400,"Research & Development",3,3,"Life Sciences",1,3,53,3,1,"Laboratory Technician",4,"Married",2097,16734,4,"Y",15,3,3,1,9,3,1,5,3,1,4
40,"No","Travel_Rarely",1398,"Sales",2,4,"Life Sciences",1,3,79,3,5,"Manager",3,"Married",18041,13022,0,"Y",14,3,4,0,21,2,3,20,15,1,12
33,"No","Travel_Frequently",553,"Research & Development",5,4,"Life Sciences",1,4,74,3,3,"Manager",2,"Married",11878,23364,6,"Y",11,3,2,2,12,2,3,10,6,8,8
36,"No","Travel_Rarely",913,"Research & Development",9,2,"Medical",1,2,48,2,2,"Manufacturing Director",2,"Divorced",8847,13934,2,"Y",11,3,3,1,13,2,3,3,2,0,2
37,"No","Travel_Rarely",558,"Sales",2,3,"Marketing",1,4,75,3,2,"Sales Executive",3,"Married",9602,3010,4,"Y",11,3,3,1,17,3,2,3,0,1,0
25,"No","Travel_Rarely",685,"Research & Development",1,3,"Life Sciences",1,1,62,3,2,"Manufacturing Director",3,"Married",4898,7505,0,"Y",12,3,4,2,5,3,3,4,2,1,2
32,"No","Travel_Rarely",646,"Research & Development",9,4,"Life Sciences",1,1,92,3,2,"Research Scientist",4,"Married",6322,18089,1,"Y",12,3,4,1,6,2,2,6,4,0,5
27,"No","Travel_Rarely",1469,"Research & Development",1,2,"Medical",1,4,82,3,1,"Laboratory Technician",2,"Divorced",3816,17881,1,"Y",11,3,2,1,5,2,3,5,2,0,4
32,"No","Travel_Rarely",548,"Research & Development",1,3,"Life Sciences",1,2,66,3,2,"Research Scientist",2,"Married",6220,7346,1,"Y",17,3,2,2,10,3,3,10,4,0,9
36,"No","Travel_Rarely",506,"Research & Development",3,3,"Technical Degree",1,3,30,3,2,"Research Scientist",2,"Single",4485,26285,4,"Y",12,3,4,0,10,2,3,8,0,7,7
42,"No","Travel_Rarely",532,"Research & Development",4,2,"Technical Degree",1,3,58,3,5,"Manager",4,"Married",19232,4933,1,"Y",11,3,4,0,22,3,3,22,17,11,15
32,"Yes","Travel_Rarely",515,"Research & Development",1,3,"Life Sciences",1,4,62,2,1,"Laboratory Technician",3,"Single",3730,9571,0,"Y",14,3,4,0,4,2,1,3,2,1,2
59,"No","Non-Travel",1420,"Human Resources",2,4,"Human Resources",1,3,32,2,5,"Manager",4,"Married",18844,21922,9,"Y",21,4,4,1,30,3,3,3,2,2,2
31,"No","Travel_Frequently",1327,"Research & Development",3,4,"Medical",1,2,73,3,3,"Research Director",3,"Divorced",13675,13523,9,"Y",12,3,1,1,9,3,3,2,2,2,2
33,"No","Travel_Rarely",832,"Research & Development",5,4,"Life Sciences",1,3,63,2,1,"Research Scientist",4,"Married",2911,14776,1,"Y",13,3,3,1,2,2,2,2,2,0,2
30,"Yes","Travel_Frequently",448,"Sales",12,4,"Life Sciences",1,2,74,2,1,"Sales Representative",1,"Married",2033,14470,1,"Y",18,3,3,1,1,2,4,1,0,0,0
36,"No","Travel_Rarely",164,"Sales",2,2,"Medical",1,2,61,2,3,"Sales Executive",3,"Married",7596,3809,1,"Y",13,3,2,2,10,2,3,10,9,9,0
37,"Yes","Travel_Rarely",1373,"Research & Development",2,2,"Other",1,4,92,2,1,"Laboratory Technician",3,"Single",2090,2396,6,"Y",15,3,2,0,7,3,3,0,0,0,0
47,"No","Travel_Frequently",1309,"Sales",4,1,"Medical",1,2,99,3,2,"Sales Representative",3,"Single",2976,25751,3,"Y",19,3,1,0,5,3,3,0,0,0,0
36,"No","Non-Travel",635,"Sales",10,4,"Medical",1,2,32,3,3,"Sales Executive",4,"Single",9980,15318,1,"Y",14,3,4,0,10,3,2,10,3,9,7
29,"Yes","Travel_Rarely",121,"Sales",27,3,"Marketing",1,2,35,3,3,"Sales Executive",4,"Married",7639,24525,1,"Y",22,4,4,3,10,3,2,10,4,1,9
28,"Yes","Travel_Rarely",654,"Research & Development",1,2,"Life Sciences",1,1,67,1,1,"Research Scientist",2,"Single",2216,3872,7,"Y",13,3,4,0,10,4,3,7,7,3,7
39,"No","Travel_Rarely",117,"Research & Development",10,1,"Medical",1,3,99,3,4,"Manager",1,"Married",17068,5355,1,"Y",14,3,4,0,21,3,3,21,9,11,10
36,"No","Non-Travel",427,"Research & Development",8,3,"Life Sciences",1,1,63,4,3,"Research Director",1,"Married",11713,20335,9,"Y",14,3,1,1,10,2,3,8,7,0,5
30,"No","Travel_Frequently",1312,"Research & Development",23,3,"Life Sciences",1,1,96,1,1,"Research Scientist",3,"Divorced",2613,22310,1,"Y",25,4,3,3,10,2,2,10,7,0,9
29,"No","Travel_Rarely",1252,"Research & Development",23,2,"Life Sciences",1,3,81,4,1,"Research Scientist",3,"Married",2700,23779,1,"Y",24,4,3,1,10,3,3,10,7,0,7
35,"No","Non-Travel",727,"Research & Development",3,3,"Life Sciences",1,3,41,2,1,"Laboratory Technician",3,"Married",1281,16900,1,"Y",18,3,3,2,1,3,3,1,0,0,0
60,"No","Travel_Rarely",1179,"Sales",16,4,"Marketing",1,1,84,3,2,"Sales Executive",1,"Single",5405,11924,8,"Y",14,3,4,0,10,1,3,2,2,2,2
41,"Yes","Travel_Rarely",1360,"Research & Development",12,3,"Technical Degree",1,2,49,3,5,"Research Director",3,"Married",19545,16280,1,"Y",12,3,4,0,23,0,3,22,15,15,8
25,"No","Travel_Rarely",959,"Sales",28,3,"Life Sciences",1,1,41,2,2,"Sales Executive",3,"Married",8639,24835,2,"Y",18,3,4,0,6,3,3,2,2,2,2
29,"No","Travel_Rarely",1396,"Sales",10,3,"Life Sciences",1,3,99,3,1,"Sales Representative",3,"Single",2642,2755,1,"Y",11,3,3,0,1,6,3,1,0,0,0
44,"No","Travel_Rarely",1459,"Research & Development",10,4,"Other",1,4,41,3,2,"Healthcare Representative",4,"Married",6465,19121,2,"Y",13,3,4,0,9,5,4,4,2,1,3
38,"No","Travel_Rarely",168,"Research & Development",1,3,"Life Sciences",1,3,81,3,3,"Manufacturing Director",3,"Single",7861,15397,4,"Y",14,3,4,0,10,4,4,1,0,0,0
49,"No","Non-Travel",1002,"Research & Development",18,4,"Life Sciences",1,4,92,3,2,"Manufacturing Director",4,"Divorced",6804,23793,1,"Y",15,3,1,2,7,0,3,7,7,1,7
26,"No","Travel_Rarely",841,"Research & Development",6,3,"Other",1,3,46,2,1,"Research Scientist",2,"Married",2368,23300,1,"Y",19,3,3,0,5,3,2,5,4,4,3
29,"No","Non-Travel",746,"Sales",2,3,"Life Sciences",1,4,61,3,2,"Sales Executive",3,"Married",4649,16928,1,"Y",14,3,1,1,4,3,2,4,3,0,2
26,"No","Travel_Rarely",991,"Research & Development",6,3,"Life Sciences",1,3,71,3,1,"Laboratory Technician",4,"Married",2659,17759,1,"Y",13,3,3,1,3,2,3,3,2,0,2
35,"No","Travel_Rarely",538,"Research & Development",25,2,"Other",1,1,54,2,2,"Laboratory Technician",4,"Single",3681,14004,4,"Y",14,3,4,0,9,3,3,3,2,0,2
34,"No","Travel_Rarely",121,"Research & Development",2,4,"Medical",1,3,86,2,1,"Research Scientist",1,"Single",4381,7530,1,"Y",11,3,3,0,6,3,3,6,5,1,3
25,"Yes","Travel_Rarely",240,"Sales",5,3,"Marketing",1,3,46,2,2,"Sales Executive",3,"Single",5744,26959,1,"Y",11,3,4,0,6,1,3,6,4,0,3
21,"Yes","Travel_Rarely",156,"Sales",12,3,"Life Sciences",1,3,90,4,1,"Sales Representative",2,"Single",2716,25422,1,"Y",15,3,4,0,1,0,3,1,0,0,0
52,"No","Travel_Rarely",319,"Research & Development",3,3,"Medical",1,4,39,2,3,"Manufacturing Director",3,"Married",7969,19609,2,"Y",14,3,3,0,28,4,3,5,4,0,4
35,"No","Travel_Rarely",662,"Sales",1,5,"Marketing",1,3,94,3,3,"Sales Executive",2,"Married",7295,11439,1,"Y",13,3,1,2,10,3,3,10,8,0,6
56,"No","Travel_Frequently",906,"Sales",6,3,"Life Sciences",1,3,86,4,4,"Sales Executive",1,"Married",13212,18256,9,"Y",11,3,4,3,36,0,2,7,7,7,7
51,"No","Travel_Rarely",1178,"Sales",14,2,"Life Sciences",1,3,87,3,2,"Sales Executive",4,"Married",4936,14862,4,"Y",11,3,3,1,18,2,2,7,7,0,7
50,"No","Travel_Frequently",1115,"Research & Development",1,3,"Life Sciences",1,1,73,3,5,"Research Director",2,"Married",18172,9755,3,"Y",19,3,1,0,28,1,2,8,3,0,7
36,"No","Travel_Rarely",1223,"Research & Development",8,3,"Technical Degree",1,3,59,3,3,"Healthcare Representative",3,"Divorced",10096,8202,1,"Y",13,3,2,3,17,2,3,17,14,12,8
55,"No","Travel_Rarely",836,"Research & Development",8,3,"Medical",1,4,33,3,4,"Manager",3,"Divorced",14756,19730,2,"Y",14,3,3,3,21,2,3,5,0,0,2
29,"No","Travel_Rarely",144,"Sales",10,1,"Marketing",1,4,39,2,2,"Sales Executive",2,"Divorced",8268,11866,1,"Y",14,3,1,2,7,2,3,7,7,1,7
53,"No","Travel_Rarely",970,"Research & Development",7,3,"Life Sciences",1,3,59,4,4,"Research Director",3,"Married",14814,13514,3,"Y",19,3,3,0,32,3,3,5,1,1,3
19,"Yes","Travel_Rarely",303,"Research & Development",2,3,"Life Sciences",1,2,47,2,1,"Laboratory Technician",4,"Single",1102,9241,1,"Y",22,4,3,0,1,3,2,1,0,1,0
35,"No","Travel_Rarely",776,"Sales",1,4,"Marketing",1,3,32,2,2,"Sales Executive",1,"Single",4312,23016,0,"Y",14,3,2,0,16,2,3,15,13,2,8
56,"No","Travel_Rarely",713,"Research & Development",8,3,"Life Sciences",1,3,67,3,1,"Research Scientist",1,"Divorced",4257,13939,4,"Y",18,3,3,1,19,3,3,2,2,2,2
35,"No","Travel_Frequently",853,"Sales",18,5,"Life Sciences",1,2,71,3,3,"Sales Executive",1,"Married",9069,11031,1,"Y",22,4,4,1,9,3,2,9,8,1,8
60,"No","Travel_Rarely",422,"Research & Development",7,3,"Life Sciences",1,1,41,3,5,"Manager",1,"Married",19566,3854,5,"Y",11,3,4,0,33,5,1,29,8,11,10
42,"No","Travel_Rarely",635,"Sales",1,1,"Life Sciences",1,2,99,3,2,"Sales Executive",3,"Married",4907,24532,1,"Y",25,4,3,0,20,3,3,20,16,11,6
38,"No","Travel_Rarely",1084,"Research & Development",29,3,"Technical Degree",1,4,54,3,2,"Manufacturing Director",4,"Married",6261,4185,3,"Y",18,3,1,1,9,3,1,7,7,1,7
36,"No","Travel_Rarely",1299,"Research & Development",27,3,"Medical",1,3,94,3,2,"Healthcare Representative",3,"Married",5237,16577,6,"Y",13,3,2,2,17,3,2,7,7,7,7
36,"No","Travel_Rarely",1041,"Human Resources",13,3,"Human Resources",1,3,36,3,1,"Human Resources",2,"Married",2143,25527,4,"Y",13,3,2,1,8,2,3,5,2,0,4
44,"Yes","Travel_Frequently",920,"Research & Development",24,3,"Life Sciences",1,4,43,3,1,"Laboratory Technician",3,"Divorced",3161,19920,3,"Y",22,4,4,1,19,0,1,1,0,0,0
46,"No","Travel_Rarely",1485,"Research & Development",18,3,"Medical",1,3,87,3,2,"Manufacturing Director",3,"Divorced",4810,26314,2,"Y",14,3,3,1,19,5,2,10,7,0,8
36,"No","Travel_Frequently",1480,"Research & Development",3,2,"Medical",1,4,30,3,1,"Laboratory Technician",2,"Single",2088,15062,4,"Y",12,3,3,0,13,3,2,8,7,7,2
25,"No","Travel_Rarely",622,"Sales",13,1,"Medical",1,2,40,3,1,"Sales Representative",3,"Married",2096,26376,1,"Y",11,3,3,0,7,1,3,7,4,0,6
41,"No","Non-Travel",509,"Research & Development",2,4,"Other",1,1,62,2,2,"Healthcare Representative",3,"Single",6811,2112,2,"Y",17,3,1,0,10,3,3,8,7,0,7
37,"No","Travel_Rarely",1189,"Sales",3,3,"Life Sciences",1,3,87,3,3,"Sales Executive",4,"Single",7428,14506,2,"Y",12,3,1,0,12,3,3,5,3,1,3
27,"No","Travel_Rarely",1157,"Research & Development",17,3,"Technical Degree",1,3,51,3,1,"Research Scientist",2,"Married",3058,13364,0,"Y",16,3,4,1,6,3,2,5,2,1,1
19,"Yes","Travel_Rarely",489,"Human Resources",2,2,"Technical Degree",1,1,52,2,1,"Human Resources",4,"Single",2564,18437,1,"Y",12,3,3,0,1,3,4,1,0,0,0
34,"Yes","Travel_Frequently",658,"Research & Development",7,3,"Life Sciences",1,1,66,1,2,"Laboratory Technician",3,"Single",6074,22887,1,"Y",24,4,4,0,9,3,3,9,7,0,6
21,"No","Travel_Rarely",391,"Research & Development",15,2,"Life Sciences",1,3,96,3,1,"Research Scientist",4,"Single",1232,19281,1,"Y",14,3,4,0,0,6,3,0,0,0,0
26,"No","Travel_Rarely",703,"Sales",28,2,"Marketing",1,1,66,3,2,"Sales Executive",2,"Married",6272,7428,1,"Y",20,4,4,2,6,5,4,5,3,1,4
33,"Yes","Travel_Rarely",118,"Sales",16,3,"Marketing",1,1,69,3,2,"Sales Executive",1,"Single",5324,26507,5,"Y",15,3,3,0,6,3,3,3,2,0,2
29,"No","Travel_Rarely",986,"Research & Development",3,4,"Medical",1,2,93,2,3,"Research Director",3,"Married",11935,21526,1,"Y",18,3,3,0,10,2,3,10,2,0,7
29,"No","Travel_Rarely",657,"Research & Development",27,3,"Medical",1,2,66,3,2,"Healthcare Representative",3,"Married",4335,25549,4,"Y",12,3,1,1,11,3,2,8,7,1,1
40,"No","Travel_Rarely",1171,"Research & Development",10,4,"Life Sciences",1,4,46,4,1,"Laboratory Technician",3,"Married",2213,22495,3,"Y",13,3,3,1,10,3,3,7,7,1,7
26,"Yes","Travel_Frequently",426,"Human Resources",17,4,"Life Sciences",1,2,58,3,1,"Human Resources",3,"Divorced",2741,22808,0,"Y",11,3,2,1,8,2,2,7,7,1,0
27,"No","Travel_Rarely",1220,"Research & Development",5,3,"Life Sciences",1,3,85,3,1,"Research Scientist",2,"Single",2478,20938,1,"Y",12,3,2,0,4,2,2,4,3,1,2
32,"No","Travel_Frequently",689,"Sales",9,2,"Medical",1,4,35,1,2,"Sales Executive",4,"Divorced",4668,22812,0,"Y",17,3,4,3,9,2,4,8,7,0,7
33,"Yes","Travel_Rarely",527,"Research & Development",1,4,"Other",1,4,63,3,1,"Research Scientist",4,"Single",2686,5207,1,"Y",13,3,3,0,10,2,2,10,9,7,8
26,"Yes","Travel_Rarely",950,"Sales",4,4,"Marketing",1,4,48,2,2,"Sales Executive",4,"Single",5828,8450,1,"Y",12,3,2,0,8,0,3,8,7,7,4
43,"No","Travel_Rarely",1473,"Research & Development",8,4,"Other",1,3,74,3,2,"Healthcare Representative",3,"Divorced",4522,2227,4,"Y",14,3,4,0,8,3,3,5,2,0,2
28,"No","Travel_Rarely",1300,"Research & Development",17,2,"Medical",1,3,79,3,2,"Laboratory Technician",1,"Divorced",4558,13535,1,"Y",12,3,4,1,10,2,3,10,0,1,8
24,"No","Travel_Rarely",1127,"Research & Development",18,1,"Life Sciences",1,2,52,3,1,"Laboratory Technician",3,"Married",2774,13257,0,"Y",12,3,3,1,6,2,3,5,3,1,2
29,"No","Travel_Frequently",442,"Sales",2,2,"Life Sciences",1,2,44,3,2,"Sales Executive",4,"Single",4554,20260,1,"Y",18,3,1,0,10,3,2,10,7,0,9
51,"No","Travel_Rarely",313,"Research & Development",3,3,"Medical",1,4,98,3,4,"Healthcare Representative",2,"Single",13734,7192,3,"Y",18,3,3,0,21,6,3,7,7,1,0
47,"Yes","Non-Travel",666,"Research & Development",29,4,"Life Sciences",1,1,88,3,3,"Manager",2,"Married",11849,10268,1,"Y",12,3,4,1,10,2,2,10,7,9,9
59,"No","Travel_Rarely",818,"Human Resources",6,2,"Medical",1,2,52,3,1,"Human Resources",3,"Married",2267,25657,8,"Y",17,3,4,0,7,2,2,2,2,2,2
25,"No","Travel_Rarely",891,"Sales",4,2,"Life Sciences",1,2,99,2,2,"Sales Executive",4,"Single",4487,12090,1,"Y",11,3,2,0,5,3,3,5,4,1,3
38,"No","Non-Travel",573,"Research & Development",6,3,"Medical",1,2,79,1,2,"Research Scientist",4,"Divorced",5329,15717,7,"Y",12,3,4,3,17,3,3,13,11,1,9
38,"No","Travel_Rarely",322,"Sales",7,2,"Medical",1,1,44,4,2,"Sales Executive",1,"Divorced",5605,19191,1,"Y",24,4,3,1,8,3,3,8,0,7,7
52,"No","Non-Travel",771,"Sales",2,4,"Life Sciences",1,1,79,2,5,"Manager",3,"Single",19068,21030,1,"Y",18,3,4,0,33,2,4,33,7,15,12
24,"Yes","Travel_Frequently",1287,"Research & Development",7,3,"Life Sciences",1,1,55,3,1,"Laboratory Technician",3,"Married",2886,14168,1,"Y",16,3,4,1,6,4,3,6,3,1,2
39,"No","Travel_Frequently",443,"Research & Development",8,1,"Life Sciences",1,3,48,3,1,"Laboratory Technician",3,"Married",3755,17872,1,"Y",11,3,1,1,8,3,3,8,3,0,7
45,"No","Travel_Rarely",1268,"Sales",4,2,"Life Sciences",1,3,30,3,2,"Sales Executive",1,"Divorced",5006,6319,4,"Y",11,3,1,1,9,3,4,5,4,0,3
30,"No","Travel_Rarely",1275,"Research & Development",28,2,"Medical",1,4,64,3,2,"Research Scientist",4,"Married",5775,11934,1,"Y",13,3,4,2,11,2,3,10,8,1,9
34,"No","Travel_Rarely",1346,"Research & Development",19,2,"Medical",1,2,93,3,1,"Laboratory Technician",4,"Divorced",2661,8758,0,"Y",11,3,3,1,3,2,3,2,2,1,2
33,"No","Travel_Rarely",931,"Research & Development",14,3,"Medical",1,4,72,3,1,"Research Scientist",2,"Married",2756,4673,1,"Y",13,3,4,1,8,5,3,8,7,1,6
44,"No","Non-Travel",381,"Research & Development",24,3,"Medical",1,1,49,1,1,"Laboratory Technician",3,"Single",3708,2104,2,"Y",14,3,3,0,9,5,3,5,2,1,4
38,"No","Travel_Rarely",119,"Sales",3,3,"Life Sciences",1,1,76,3,3,"Sales Executive",3,"Divorced",10609,9647,0,"Y",12,3,3,2,17,6,2,16,10,5,13
31,"No","Travel_Rarely",1232,"Research & Development",7,4,"Medical",1,3,39,3,3,"Manufacturing Director",4,"Single",7143,25713,1,"Y",14,3,3,0,11,2,2,11,9,4,10
32,"Yes","Travel_Rarely",1045,"Sales",4,4,"Medical",1,4,32,1,3,"Sales Executive",4,"Married",10400,25812,1,"Y",11,3,3,0,14,2,2,14,8,9,8
27,"No","Travel_Frequently",1410,"Sales",3,1,"Medical",1,4,71,4,2,"Sales Executive",4,"Divorced",4647,16673,1,"Y",20,4,2,2,6,3,3,6,5,0,4
35,"No","Non-Travel",1225,"Research & Development",2,4,"Life Sciences",1,4,61,3,2,"Healthcare Representative",1,"Divorced",5093,4761,2,"Y",11,3,1,1,16,2,4,1,0,0,0
35,"No","Travel_Rarely",1276,"Research & Development",16,3,"Life Sciences",1,4,72,3,3,"Healthcare Representative",3,"Married",7632,14295,4,"Y",12,3,3,0,10,2,3,8,7,0,0
40,"No","Travel_Rarely",302,"Research & Development",6,3,"Life Sciences",1,2,75,3,4,"Manufacturing Director",3,"Single",13237,20364,7,"Y",15,3,3,0,22,3,3,20,6,5,13
42,"No","Travel_Rarely",810,"Research & Development",23,5,"Life Sciences",1,1,44,3,4,"Research Director",4,"Single",15992,15901,2,"Y",14,3,2,0,16,2,3,1,0,0,0
32,"No","Travel_Rarely",1018,"Research & Development",2,4,"Medical",1,1,74,4,2,"Research Scientist",4,"Single",5055,10557,7,"Y",16,3,3,0,10,0,2,7,7,0,7
27,"No","Travel_Frequently",1242,"Sales",20,3,"Life Sciences",1,4,90,3,2,"Sales Executive",3,"Single",9981,12916,1,"Y",14,3,4,0,7,2,3,7,7,0,7
38,"No","Travel_Rarely",343,"Research & Development",15,2,"Life Sciences",1,3,92,2,3,"Research Director",4,"Divorced",11510,15682,0,"Y",14,3,2,1,12,3,3,11,10,2,9
32,"No","Travel_Rarely",588,"Sales",8,2,"Technical Degree",1,3,65,2,2,"Sales Executive",2,"Married",5228,24624,1,"Y",11,3,4,0,13,2,3,13,12,11,9
19,"Yes","Travel_Frequently",602,"Sales",1,1,"Technical Degree",1,3,100,1,1,"Sales Representative",1,"Single",2325,20989,0,"Y",21,4,1,0,1,5,4,0,0,0,0
30,"No","Travel_Frequently",721,"Research & Development",1,2,"Medical",1,3,58,3,2,"Laboratory Technician",4,"Single",4011,10781,1,"Y",23,4,4,0,12,2,3,12,8,3,7
28,"No","Travel_Rarely",1476,"Research & Development",16,2,"Medical",1,2,68,4,2,"Healthcare Representative",1,"Single",5661,4824,0,"Y",19,3,3,0,9,2,3,8,3,0,7
33,"No","Travel_Frequently",1141,"Sales",1,3,"Life Sciences",1,3,42,4,2,"Sales Executive",1,"Married",5376,3193,2,"Y",19,3,1,2,10,3,3,5,3,1,3
23,"No","Travel_Rarely",1309,"Research & Development",26,1,"Life Sciences",1,3,83,3,1,"Research Scientist",4,"Divorced",2904,16092,1,"Y",12,3,3,2,4,2,2,4,2,0,2
57,"No","Travel_Rarely",210,"Sales",29,3,"Marketing",1,1,56,2,4,"Manager",4,"Divorced",14118,22102,3,"Y",12,3,3,1,32,3,2,1,0,0,0
52,"No","Travel_Rarely",956,"Research & Development",6,2,"Technical Degree",1,4,78,3,2,"Research Scientist",1,"Divorced",5577,22087,3,"Y",12,3,2,2,18,3,3,10,9,6,9
22,"No","Travel_Rarely",604,"Research & Development",6,1,"Medical",1,1,69,3,1,"Research Scientist",3,"Married",2773,12145,0,"Y",20,4,4,0,3,3,3,2,2,2,2
45,"No","Travel_Frequently",1199,"Research & Development",7,4,"Life Sciences",1,1,77,4,2,"Manufacturing Director",3,"Married",6434,5118,4,"Y",17,3,4,1,9,1,3,3,2,0,2
43,"No","Travel_Frequently",559,"Research & Development",10,4,"Life Sciences",1,3,82,2,2,"Laboratory Technician",3,"Divorced",5257,6227,1,"Y",11,3,2,1,9,3,4,9,7,0,0
53,"No","Travel_Rarely",1436,"Sales",6,2,"Marketing",1,2,34,3,2,"Sales Representative",3,"Married",2306,16047,2,"Y",20,4,4,1,13,3,1,7,7,4,5
49,"No","Travel_Rarely",1261,"Research & Development",7,3,"Other",1,2,31,2,3,"Healthcare Representative",3,"Single",10965,12066,8,"Y",24,4,3,0,26,2,3,5,2,0,0
39,"Yes","Travel_Rarely",895,"Sales",5,3,"Technical Degree",1,4,56,3,2,"Sales Representative",4,"Married",2086,3335,3,"Y",14,3,3,1,19,6,4,1,0,0,0
34,"No","Travel_Rarely",182,"Research & Development",1,4,"Life Sciences",1,2,72,4,1,"Research Scientist",4,"Single",3280,13551,2,"Y",16,3,3,0,10,2,3,4,2,1,3
24,"No","Non-Travel",1092,"Research & Development",9,3,"Life Sciences",1,3,60,2,1,"Laboratory Technician",2,"Divorced",2694,26551,1,"Y",11,3,3,3,1,4,3,1,0,0,0
31,"No","Non-Travel",979,"Research & Development",1,4,"Medical",1,3,90,1,2,"Manufacturing Director",3,"Married",4345,4381,0,"Y",12,3,4,1,6,2,3,5,4,1,4
45,"No","Non-Travel",1052,"Sales",6,3,"Medical",1,4,57,2,3,"Sales Executive",4,"Single",8865,16840,6,"Y",12,3,4,0,23,2,3,19,7,12,8
30,"No","Travel_Rarely",1240,"Human Resources",9,3,"Human Resources",1,3,48,3,2,"Human Resources",4,"Married",6347,13982,0,"Y",19,3,4,0,12,2,1,11,9,4,7
35,"No","Travel_Frequently",664,"Research & Development",1,3,"Medical",1,2,79,3,1,"Research Scientist",1,"Married",2194,5868,4,"Y",13,3,4,1,5,2,2,3,2,1,2
39,"No","Travel_Rarely",1329,"Sales",4,4,"Life Sciences",1,4,47,2,2,"Sales Executive",3,"Married",5902,14590,4,"Y",14,3,3,1,17,1,4,15,11,5,9
30,"No","Travel_Rarely",288,"Research & Development",2,3,"Life Sciences",1,3,99,2,2,"Healthcare Representative",4,"Married",4152,15830,1,"Y",19,3,1,3,11,3,3,11,10,10,8
24,"Yes","Travel_Rarely",1448,"Sales",1,1,"Technical Degree",1,1,62,3,1,"Sales Representative",2,"Single",3202,21972,1,"Y",16,3,2,0,6,4,3,5,3,1,4
37,"No","Non-Travel",1040,"Research & Development",2,2,"Life Sciences",1,3,100,2,2,"Healthcare Representative",4,"Divorced",5163,15850,5,"Y",14,3,4,1,17,2,4,1,0,0,0
58,"No","Travel_Rarely",682,"Sales",10,4,"Medical",1,4,37,3,4,"Sales Executive",3,"Single",13872,24409,0,"Y",13,3,3,0,38,1,2,37,10,1,8
38,"No","Travel_Frequently",216,"Research & Development",23,3,"Life Sciences",1,4,44,2,3,"Manufacturing Director",3,"Single",9526,8787,0,"Y",21,4,2,0,10,2,3,9,7,1,8
36,"No","Travel_Rarely",1403,"Research & Development",6,3,"Life Sciences",1,4,47,3,1,"Laboratory Technician",4,"Married",3210,20251,0,"Y",11,3,3,1,16,4,3,15,13,10,11
38,"No","Travel_Rarely",371,"Research & Development",2,3,"Life Sciences",1,4,45,3,1,"Research Scientist",4,"Single",3944,4306,5,"Y",11,3,3,0,6,3,3,3,2,1,2
20,"Yes","Travel_Rarely",1362,"Research & Development",10,1,"Medical",1,4,32,3,1,"Research Scientist",3,"Single",1009,26999,1,"Y",11,3,4,0,1,5,3,1,0,1,1
37,"No","Travel_Frequently",663,"Research & Development",11,3,"Other",1,2,47,3,3,"Research Director",4,"Divorced",12185,10056,1,"Y",14,3,3,3,10,1,3,10,8,0,7
45,"No","Travel_Rarely",193,"Research & Development",6,4,"Other",1,4,52,3,3,"Research Director",1,"Married",13245,15067,4,"Y",14,3,2,0,17,3,4,0,0,0,0
38,"No","Travel_Frequently",653,"Research & Development",29,5,"Life Sciences",1,4,50,3,2,"Laboratory Technician",4,"Single",2406,5456,1,"Y",11,3,4,0,10,2,3,10,3,9,9
41,"No","Travel_Rarely",802,"Sales",9,1,"Life Sciences",1,3,96,3,3,"Sales Executive",3,"Divorced",8189,21196,3,"Y",13,3,3,1,12,2,3,9,7,0,7
42,"No","Travel_Frequently",570,"Research & Development",8,3,"Life Sciences",1,2,66,3,5,"Manager",4,"Divorced",18430,16225,1,"Y",13,3,2,1,24,4,2,24,7,14,9
31,"Yes","Travel_Rarely",1365,"Sales",13,4,"Medical",1,2,46,3,2,"Sales Executive",1,"Divorced",4233,11512,2,"Y",17,3,3,0,9,2,1,3,1,1,2
51,"Yes","Travel_Frequently",1150,"Research & Development",8,4,"Life Sciences",1,1,53,1,3,"Manufacturing Director",4,"Single",10650,25150,2,"Y",15,3,4,0,18,2,3,4,2,0,3
40,"Yes","Travel_Rarely",575,"Sales",22,2,"Marketing",1,3,68,2,2,"Sales Executive",3,"Married",6380,6110,2,"Y",12,3,1,2,8,6,3,6,4,1,0
28,"No","Non-Travel",120,"Sales",4,3,"Medical",1,2,43,3,2,"Sales Executive",3,"Married",4221,8863,1,"Y",15,3,2,0,5,3,4,5,4,0,4
32,"No","Travel_Frequently",1311,"Research & Development",7,3,"Life Sciences",1,2,100,4,1,"Laboratory Technician",2,"Married",2794,26062,1,"Y",20,4,3,0,5,3,1,5,1,0,3
45,"No","Travel_Rarely",549,"Research & Development",8,4,"Other",1,4,75,3,2,"Research Scientist",4,"Married",3697,9278,9,"Y",14,3,1,2,12,3,3,10,9,9,8
33,"Yes","Travel_Rarely",1277,"Research & Development",15,1,"Medical",1,2,56,3,3,"Manager",3,"Married",13610,24619,7,"Y",12,3,4,0,15,2,4,7,6,7,7
35,"No","Travel_Rarely",195,"Sales",1,3,"Medical",1,1,80,3,2,"Sales Executive",3,"Single",4859,6698,1,"Y",16,3,4,0,5,3,3,5,4,0,3
29,"No","Travel_Rarely",1247,"Sales",20,2,"Marketing",1,4,45,3,2,"Sales Executive",4,"Divorced",6931,10732,2,"Y",14,3,4,1,10,2,3,3,2,0,2
52,"No","Non-Travel",715,"Research & Development",19,4,"Medical",1,4,41,3,1,"Research Scientist",4,"Married",4258,26589,0,"Y",18,3,1,1,5,3,3,4,3,1,2
46,"No","Travel_Rarely",526,"Sales",1,2,"Marketing",1,2,92,3,3,"Sales Executive",1,"Divorced",10453,2137,1,"Y",25,4,3,3,24,2,3,24,13,15,7
45,"No","Travel_Rarely",194,"Research & Development",9,3,"Life Sciences",1,2,60,3,2,"Laboratory Technician",2,"Divorced",2348,10901,8,"Y",18,3,3,1,20,2,1,17,9,0,15
25,"No","Travel_Rarely",1280,"Research & Development",7,1,"Medical",1,4,64,2,1,"Research Scientist",4,"Married",2889,26897,1,"Y",11,3,3,2,2,2,3,2,2,2,1
41,"No","Travel_Rarely",427,"Human Resources",10,4,"Human Resources",1,2,73,2,5,"Manager",4,"Divorced",19141,8861,3,"Y",15,3,2,3,23,2,2,21,6,12,6
58,"Yes","Travel_Rarely",286,"Research & Development",2,4,"Life Sciences",1,4,31,3,5,"Research Director",2,"Single",19246,25761,7,"Y",12,3,4,0,40,2,3,31,15,13,8
33,"No","Travel_Frequently",515,"Research & Development",1,2,"Life Sciences",1,1,98,3,3,"Research Director",4,"Single",13458,15146,1,"Y",12,3,3,0,15,1,3,15,14,8,12
42,"No","Travel_Rarely",269,"Research & Development",2,3,"Medical",1,4,56,2,1,"Laboratory Technician",1,"Divorced",2593,8007,0,"Y",11,3,3,1,10,4,3,9,6,7,8
30,"No","Travel_Rarely",1358,"Research & Development",24,1,"Life Sciences",1,4,67,3,1,"Laboratory Technician",3,"Divorced",2693,13335,1,"Y",22,4,2,1,1,2,3,1,0,0,0
39,"No","Travel_Rarely",141,"Human Resources",3,3,"Human Resources",1,3,44,4,2,"Human Resources",2,"Married",6389,18767,9,"Y",15,3,3,1,12,3,1,8,3,3,6
33,"Yes","Travel_Rarely",350,"Sales",5,3,"Marketing",1,4,34,3,1,"Sales Representative",3,"Single",2851,9150,1,"Y",13,3,2,0,1,2,3,1,0,0,0
36,"No","Travel_Frequently",635,"Research & Development",18,1,"Medical",1,2,73,3,1,"Laboratory Technician",4,"Single",2153,7703,1,"Y",13,3,1,0,8,2,3,8,1,1,7
24,"Yes","Travel_Rarely",693,"Sales",3,2,"Life Sciences",1,1,65,3,2,"Sales Executive",3,"Single",4577,24785,9,"Y",14,3,1,0,4,3,3,2,2,2,0
52,"No","Travel_Rarely",621,"Sales",3,4,"Marketing",1,3,31,2,4,"Manager",1,"Married",16856,10084,1,"Y",11,3,1,0,34,3,4,34,6,1,16
36,"No","Travel_Rarely",852,"Research & Development",5,4,"Life Sciences",1,2,82,2,1,"Research Scientist",1,"Married",3419,13072,9,"Y",14,3,4,1,6,3,4,1,1,0,0
45,"No","Travel_Rarely",252,"Research & Development",1,3,"Other",1,3,70,4,5,"Manager",4,"Married",19202,15970,0,"Y",11,3,3,1,25,2,3,24,0,1,7
29,"No","Travel_Rarely",1090,"Sales",10,3,"Marketing",1,4,83,3,1,"Sales Representative",2,"Divorced",2297,17967,1,"Y",14,3,4,2,2,2,3,2,2,2,2
33,"No","Travel_Rarely",1216,"Sales",8,4,"Marketing",1,3,39,3,2,"Sales Executive",3,"Divorced",7104,20431,0,"Y",12,3,4,0,6,3,3,5,0,1,2
31,"No","Travel_Rarely",1082,"Research & Development",1,4,"Medical",1,3,87,3,1,"Research Scientist",2,"Single",2501,18775,1,"Y",17,3,2,0,1,4,3,1,1,1,0
42,"No","Travel_Rarely",1332,"Research & Development",2,4,"Other",1,1,98,2,2,"Healthcare Representative",4,"Single",6781,17078,3,"Y",23,4,2,0,14,6,3,1,0,0,0
38,"No","Travel_Rarely",243,"Sales",7,4,"Marketing",1,4,46,2,2,"Sales Executive",4,"Single",4028,7791,0,"Y",20,4,1,0,8,2,3,7,7,0,5
37,"No","Travel_Rarely",571,"Research & Development",10,1,"Life Sciences",1,4,82,3,1,"Research Scientist",1,"Divorced",2782,19905,0,"Y",13,3,2,2,6,3,2,5,3,4,3
34,"No","Non-Travel",1065,"Sales",23,4,"Marketing",1,2,72,3,2,"Sales Executive",3,"Single",4568,10034,0,"Y",20,4,3,0,10,2,3,9,5,8,7
41,"No","Travel_Frequently",857,"Research & Development",10,3,"Life Sciences",1,4,91,2,4,"Manager",1,"Divorced",17181,12888,4,"Y",13,3,2,1,21,2,2,7,6,7,7
43,"No","Travel_Rarely",1001,"Research & Development",7,3,"Life Sciences",1,3,43,3,3,"Healthcare Representative",1,"Married",9985,9262,8,"Y",16,3,1,1,10,1,2,1,0,0,0
34,"No","Travel_Rarely",167,"Research & Development",8,5,"Life Sciences",1,2,32,3,2,"Manufacturing Director",1,"Divorced",5121,4187,3,"Y",14,3,3,1,7,3,3,0,0,0,0
36,"No","Travel_Rarely",1396,"Research & Development",5,2,"Life Sciences",1,4,62,3,2,"Laboratory Technician",2,"Single",5914,9945,8,"Y",16,3,4,0,16,3,4,13,11,3,7
28,"Yes","Travel_Rarely",1157,"Research & Development",2,4,"Medical",1,1,84,1,1,"Research Scientist",4,"Married",3464,24737,5,"Y",13,3,4,0,5,4,2,3,2,2,2
30,"No","Non-Travel",829,"Research & Development",1,1,"Life Sciences",1,3,88,2,3,"Manufacturing Director",3,"Single",8474,20925,1,"Y",22,4,3,0,12,2,3,11,8,5,8
40,"No","Travel_Rarely",905,"Research & Development",19,2,"Medical",1,3,99,3,2,"Laboratory Technician",4,"Married",2741,16523,8,"Y",15,3,3,1,15,2,4,7,2,3,7
29,"No","Travel_Rarely",665,"Research & Development",15,3,"Life Sciences",1,3,60,3,1,"Research Scientist",4,"Single",2340,22673,1,"Y",19,3,1,0,6,1,3,6,5,1,5
32,"Yes","Non-Travel",1474,"Sales",11,4,"Other",1,4,60,4,2,"Sales Executive",3,"Married",4707,23914,8,"Y",12,3,4,0,6,2,3,4,2,1,2
28,"Yes","Travel_Rarely",529,"Research & Development",2,4,"Life Sciences",1,1,79,3,1,"Laboratory Technician",3,"Single",3485,14935,2,"Y",11,3,3,0,5,5,1,0,0,0,0
32,"No","Travel_Frequently",1005,"Research & Development",2,2,"Life Sciences",1,4,79,3,1,"Laboratory Technician",4,"Single",3068,11864,0,"Y",13,3,3,0,8,2,2,7,7,3,6
38,"No","Travel_Rarely",268,"Research & Development",2,5,"Medical",1,4,92,3,1,"Research Scientist",3,"Married",3057,20471,6,"Y",13,3,2,1,6,0,1,1,0,0,1
31,"No","Travel_Rarely",1463,"Research & Development",23,3,"Medical",1,2,64,2,2,"Healthcare Representative",4,"Married",5582,14408,0,"Y",21,4,2,1,10,2,3,9,0,7,8
53,"No","Travel_Rarely",1219,"Sales",2,4,"Life Sciences",1,1,78,2,4,"Manager",4,"Married",15427,22021,2,"Y",16,3,3,0,31,3,3,25,8,3,7
31,"Yes","Travel_Frequently",307,"Research & Development",29,2,"Medical",1,3,71,2,1,"Laboratory Technician",2,"Single",3479,11652,0,"Y",11,3,2,0,6,2,4,5,4,1,4
23,"No","Travel_Rarely",650,"Research & Development",9,1,"Medical",1,2,37,3,1,"Laboratory Technician",1,"Married",2500,4344,1,"Y",14,3,4,1,5,2,4,4,3,0,2
27,"No","Travel_Rarely",1377,"Sales",2,3,"Life Sciences",1,4,74,3,2,"Sales Executive",3,"Single",4478,5242,1,"Y",11,3,1,0,5,3,3,5,4,0,4
58,"No","Travel_Rarely",1145,"Research & Development",9,3,"Medical",1,2,75,2,1,"Research Scientist",2,"Married",3346,11873,4,"Y",20,4,2,1,9,3,2,1,0,0,0
34,"No","Travel_Frequently",878,"Research & Development",10,4,"Medical",1,4,43,3,1,"Research Scientist",3,"Divorced",3815,5972,1,"Y",17,3,4,1,5,4,4,5,3,2,0
52,"No","Travel_Rarely",1490,"Research & Development",4,2,"Life Sciences",1,4,30,3,4,"Manager",4,"Married",16555,10310,2,"Y",13,3,4,0,31,2,1,5,2,1,4
54,"No","Travel_Rarely",548,"Research & Development",8,4,"Life Sciences",1,3,42,3,2,"Laboratory Technician",3,"Single",3780,23428,7,"Y",11,3,3,0,19,3,3,1,0,0,0
40,"No","Travel_Rarely",1300,"Research & Development",24,2,"Technical Degree",1,1,62,3,2,"Research Scientist",4,"Divorced",3319,24447,1,"Y",17,3,1,2,9,3,3,9,8,4,7
30,"No","Travel_Rarely",1339,"Sales",5,3,"Life Sciences",1,2,41,3,3,"Sales Executive",4,"Married",9419,8053,2,"Y",12,3,3,1,12,2,3,10,9,7,4
30,"No","Travel_Rarely",413,"Sales",7,1,"Marketing",1,4,57,3,1,"Sales Representative",2,"Single",2983,18398,0,"Y",14,3,1,0,4,3,3,3,2,1,2
32,"No","Travel_Rarely",929,"Sales",10,3,"Marketing",1,4,55,3,2,"Sales Executive",4,"Single",5396,21703,1,"Y",12,3,4,0,10,2,2,10,7,0,8
31,"No","Travel_Rarely",106,"Human Resources",2,3,"Human Resources",1,1,62,2,2,"Human Resources",1,"Married",6410,17822,3,"Y",12,3,4,0,9,1,3,2,2,1,0
31,"No","Travel_Rarely",746,"Research & Development",8,4,"Life Sciences",1,3,61,3,2,"Manufacturing Director",4,"Single",4424,20682,1,"Y",23,4,4,0,11,2,3,11,7,1,8
33,"No","Travel_Rarely",213,"Research & Development",7,3,"Medical",1,3,49,3,3,"Research Director",3,"Married",11691,25995,0,"Y",11,3,4,0,14,3,4,13,9,3,7
47,"No","Travel_Rarely",983,"Research & Development",2,2,"Medical",1,1,65,3,2,"Manufacturing Director",4,"Divorced",5070,7389,5,"Y",13,3,3,3,20,2,3,5,0,0,4
59,"No","Travel_Frequently",1225,"Sales",1,1,"Life Sciences",1,1,57,2,2,"Sales Executive",3,"Single",5473,24668,7,"Y",11,3,4,0,20,2,2,4,3,1,3
49,"No","Travel_Rarely",1245,"Research & Development",18,4,"Life Sciences",1,4,58,2,5,"Research Director",3,"Divorced",19502,2125,1,"Y",17,3,3,1,31,5,3,31,9,0,9
27,"No","Travel_Rarely",591,"Research & Development",2,1,"Medical",1,1,40,3,1,"Laboratory Technician",2,"Married",3468,16632,9,"Y",12,3,4,1,6,3,3,2,2,2,2
35,"No","Travel_Rarely",1229,"Research & Development",8,1,"Life Sciences",1,4,36,4,1,"Laboratory Technician",4,"Married",2269,4892,1,"Y",19,3,4,0,1,2,3,1,0,0,1
39,"No","Travel_Rarely",1431,"Research & Development",1,4,"Medical",1,3,96,3,1,"Laboratory Technician",3,"Divorced",2232,15417,7,"Y",14,3,3,3,7,1,3,3,2,1,2
31,"No","Travel_Rarely",688,"Sales",7,3,"Life Sciences",1,3,44,2,3,"Manager",4,"Divorced",11557,25291,9,"Y",21,4,3,1,10,3,2,5,4,0,1
38,"No","Travel_Frequently",1490,"Research & Development",2,2,"Life Sciences",1,4,42,3,1,"Laboratory Technician",4,"Married",1702,12106,1,"Y",23,4,3,1,1,3,3,1,0,0,0
49,"No","Travel_Rarely",1091,"Research & Development",1,2,"Technical Degree",1,3,90,2,4,"Healthcare Representative",3,"Single",13964,17810,7,"Y",12,3,4,0,25,2,3,7,1,0,7
42,"No","Travel_Frequently",555,"Sales",26,3,"Marketing",1,3,77,3,4,"Sales Executive",2,"Married",13525,14864,5,"Y",14,3,4,1,23,2,4,20,4,4,8
46,"No","Travel_Rarely",1125,"Sales",10,3,"Marketing",1,3,94,2,3,"Sales Executive",4,"Married",9071,11563,2,"Y",19,3,3,1,15,3,3,3,2,1,2
55,"No","Travel_Rarely",147,"Research & Development",20,2,"Technical Degree",1,2,37,3,2,"Laboratory Technician",4,"Married",5415,15972,3,"Y",19,3,4,1,12,4,3,10,7,0,8
42,"No","Travel_Frequently",532,"Research & Development",29,2,"Life Sciences",1,1,92,3,2,"Research Scientist",3,"Divorced",4556,12932,2,"Y",11,3,2,1,19,3,3,5,4,0,2
30,"No","Travel_Rarely",202,"Sales",2,1,"Technical Degree",1,3,72,3,1,"Sales Representative",2,"Married",2476,17434,1,"Y",18,3,1,1,1,3,3,1,0,0,0
37,"No","Travel_Rarely",1305,"Research & Development",10,4,"Life Sciences",1,3,49,3,2,"Manufacturing Director",2,"Single",4197,21123,2,"Y",12,3,4,0,18,2,2,1,0,0,1
33,"No","Travel_Rarely",922,"Research & Development",1,5,"Medical",1,1,95,4,4,"Research Director",3,"Divorced",16184,22578,4,"Y",19,3,3,1,10,2,3,6,1,0,5
53,"No","Travel_Rarely",1070,"Research & Development",3,4,"Medical",1,3,45,3,4,"Research Director",3,"Married",17584,21016,3,"Y",16,3,4,3,21,5,2,5,3,1,3
31,"No","Travel_Frequently",444,"Sales",5,3,"Marketing",1,4,84,3,1,"Sales Representative",2,"Divorced",2789,3909,1,"Y",11,3,3,1,2,5,2,2,2,2,2
42,"No","Non-Travel",926,"Research & Development",21,2,"Medical",1,3,36,3,2,"Manufacturing Director",3,"Divorced",5265,16439,2,"Y",16,3,2,1,11,5,3,5,3,0,2
40,"No","Travel_Rarely",1416,"Research & Development",2,2,"Medical",1,1,49,3,5,"Research Director",3,"Divorced",19436,5949,0,"Y",19,3,4,1,22,5,3,21,7,3,9
31,"No","Travel_Rarely",218,"Sales",7,3,"Technical Degree",1,2,100,4,2,"Sales Executive",4,"Married",6929,12241,4,"Y",11,3,2,1,10,3,2,8,7,7,7
33,"Yes","Travel_Rarely",465,"Research & Development",2,2,"Life Sciences",1,1,39,3,1,"Laboratory Technician",1,"Married",2707,21509,7,"Y",20,4,1,0,13,3,4,9,7,1,7
35,"No","Non-Travel",1097,"Research & Development",11,2,"Medical",1,3,79,2,3,"Healthcare Representative",1,"Married",9884,8302,2,"Y",13,3,3,1,10,3,3,4,0,2,3
54,"No","Travel_Rarely",376,"Research & Development",19,4,"Medical",1,4,95,3,2,"Manufacturing Director",1,"Divorced",5485,22670,9,"Y",11,3,2,2,9,4,3,5,3,1,4
38,"No","Travel_Rarely",364,"Research & Development",3,5,"Technical Degree",1,4,32,3,2,"Research Scientist",3,"Single",4317,2302,3,"Y",20,4,2,0,19,2,3,3,2,2,2
28,"No","Travel_Rarely",1117,"Research & Development",8,2,"Life Sciences",1,4,66,3,1,"Research Scientist",4,"Single",3310,4488,1,"Y",21,4,4,0,5,3,3,5,3,0,2
44,"No","Travel_Rarely",1112,"Human Resources",1,4,"Life Sciences",1,1,50,2,2,"Human Resources",3,"Single",5985,26894,4,"Y",11,3,2,0,10,1,4,2,2,0,2
24,"No","Travel_Rarely",1371,"Sales",10,4,"Marketing",1,4,77,3,2,"Sales Executive",3,"Divorced",4260,5915,1,"Y",12,3,4,1,5,2,4,5,2,0,3
29,"No","Travel_Frequently",806,"Research & Development",1,4,"Life Sciences",1,2,76,1,1,"Research Scientist",4,"Divorced",2720,18959,1,"Y",18,3,4,1,10,5,3,10,7,2,8
22,"Yes","Travel_Frequently",1368,"Research & Development",4,1,"Technical Degree",1,3,99,2,1,"Laboratory Technician",3,"Single",3894,9129,5,"Y",16,3,3,0,4,3,3,2,2,1,2
34,"No","Travel_Rarely",204,"Sales",14,3,"Technical Degree",1,3,31,3,1,"Sales Representative",3,"Divorced",2579,2912,1,"Y",18,3,4,2,8,3,3,8,2,0,6
40,"No","Non-Travel",1151,"Research & Development",9,5,"Life Sciences",1,4,63,2,2,"Healthcare Representative",4,"Married",4876,14242,9,"Y",14,3,4,1,5,5,1,3,2,0,2
54,"No","Travel_Rarely",1217,"Research & Development",2,4,"Technical Degree",1,1,60,3,3,"Research Director",3,"Married",13549,24001,9,"Y",12,3,1,1,16,5,1,4,3,0,3
38,"No","Travel_Rarely",849,"Research & Development",25,2,"Life Sciences",1,1,81,2,3,"Research Director",2,"Married",12061,26707,3,"Y",17,3,3,1,19,2,3,10,8,0,1
41,"No","Travel_Rarely",645,"Sales",1,3,"Marketing",1,2,49,4,3,"Sales Executive",1,"Married",8392,19566,1,"Y",16,3,3,1,10,2,3,10,7,0,7
26,"No","Travel_Rarely",933,"Sales",1,3,"Life Sciences",1,3,57,3,2,"Sales Executive",3,"Married",5296,20156,1,"Y",17,3,2,1,8,3,3,8,7,7,7
46,"No","Travel_Frequently",1034,"Research & Development",18,1,"Medical",1,1,86,3,3,"Healthcare Representative",3,"Married",10527,8984,5,"Y",11,3,4,0,28,3,2,2,2,1,2
37,"No","Travel_Rarely",408,"Research & Development",19,2,"Life Sciences",1,2,73,3,1,"Research Scientist",2,"Married",3022,10227,4,"Y",21,4,1,0,8,1,3,1,0,0,0
33,"No","Travel_Frequently",508,"Sales",10,3,"Marketing",1,2,46,2,2,"Sales Executive",4,"Single",4682,4317,3,"Y",14,3,3,0,9,6,2,7,7,0,1
31,"No","Travel_Rarely",192,"Research & Development",2,4,"Life Sciences",1,3,32,3,1,"Research Scientist",4,"Divorced",2695,7747,0,"Y",18,3,2,1,3,2,1,2,2,2,2
22,"No","Travel_Rarely",1256,"Research & Development",19,1,"Medical",1,3,80,3,1,"Research Scientist",4,"Married",2323,11992,1,"Y",24,4,1,2,2,6,3,2,2,2,2
29,"Yes","Travel_Rarely",318,"Research & Development",8,4,"Other",1,2,77,1,1,"Laboratory Technician",1,"Married",2119,4759,1,"Y",11,3,4,0,7,4,2,7,7,0,7
40,"No","Travel_Rarely",630,"Sales",4,4,"Marketing",1,3,67,2,3,"Sales Executive",4,"Married",10855,8552,7,"Y",11,3,1,1,15,2,2,12,11,2,11
34,"No","Travel_Frequently",303,"Sales",2,4,"Marketing",1,3,75,3,1,"Sales Representative",3,"Married",2231,11314,6,"Y",18,3,4,1,6,3,3,4,3,1,2
37,"No","Travel_Rarely",1017,"Research & Development",1,2,"Medical",1,3,83,2,1,"Research Scientist",1,"Married",3920,18697,2,"Y",14,3,1,1,17,2,2,3,1,0,2
42,"No","Travel_Rarely",201,"Research & Development",1,4,"Life Sciences",1,2,95,3,1,"Laboratory Technician",1,"Divorced",2576,20490,3,"Y",16,3,2,1,8,5,3,5,2,1,2
32,"No","Travel_Rarely",906,"Sales",7,3,"Life Sciences",1,4,91,2,2,"Sales Executive",3,"Married",5484,16985,1,"Y",14,3,3,1,13,3,2,13,8,4,8
35,"No","Travel_Frequently",138,"Research & Development",2,3,"Medical",1,2,37,3,2,"Laboratory Technician",2,"Single",4425,15986,5,"Y",11,3,4,0,10,5,3,6,2,1,2
57,"No","Travel_Rarely",334,"Research & Development",24,2,"Life Sciences",1,3,83,4,3,"Healthcare Representative",4,"Divorced",9439,23402,3,"Y",16,3,2,1,12,2,1,5,3,1,4
43,"No","Travel_Frequently",313,"Research & Development",21,3,"Medical",1,4,61,3,1,"Laboratory Technician",4,"Married",2258,15238,7,"Y",20,4,1,1,8,1,3,3,2,1,2
56,"No","Travel_Rarely",832,"Research & Development",9,3,"Medical",1,3,81,3,4,"Healthcare Representative",4,"Married",11103,20420,7,"Y",11,3,3,0,30,1,2,10,7,1,1
33,"No","Travel_Frequently",1392,"Research & Development",3,4,"Life Sciences",1,4,56,3,1,"Research Scientist",3,"Married",2909,23159,1,"Y",11,3,3,0,8,3,3,8,7,3,0
18,"Yes","Travel_Rarely",230,"Research & Development",3,3,"Life Sciences",1,3,54,3,1,"Laboratory Technician",3,"Single",1420,25233,1,"Y",13,3,3,0,0,2,3,0,0,0,0
21,"No","Non-Travel",895,"Sales",9,2,"Medical",1,1,39,3,1,"Sales Representative",4,"Single",2610,2851,1,"Y",24,4,3,0,3,3,2,3,2,2,2
52,"No","Travel_Rarely",1325,"Research & Development",11,4,"Life Sciences",1,4,82,3,2,"Laboratory Technician",3,"Married",3149,21821,8,"Y",20,4,2,1,9,3,3,5,2,1,4
47,"No","Travel_Frequently",217,"Sales",3,3,"Medical",1,4,49,3,4,"Sales Executive",3,"Divorced",13770,10225,9,"Y",12,3,4,2,28,2,2,22,2,11,13
51,"No","Travel_Rarely",432,"Research & Development",9,4,"Life Sciences",1,4,96,3,1,"Laboratory Technician",4,"Married",2075,18725,3,"Y",23,4,2,2,10,4,3,4,2,0,3
41,"No","Travel_Rarely",465,"Research & Development",14,3,"Life Sciences",1,1,56,3,1,"Research Scientist",3,"Divorced",2451,4609,4,"Y",12,3,1,1,13,2,3,9,8,1,8
32,"No","Travel_Rarely",1062,"Research & Development",2,3,"Medical",1,3,75,3,1,"Laboratory Technician",2,"Married",2370,3956,1,"Y",13,3,3,1,8,4,3,8,0,0,7
44,"No","Travel_Rarely",477,"Research & Development",7,4,"Medical",1,1,42,2,3,"Healthcare Representative",4,"Married",10248,2094,3,"Y",14,3,4,1,24,4,3,22,6,5,17
37,"No","Travel_Rarely",446,"Research & Development",1,4,"Life Sciences",1,2,65,3,2,"Manufacturing Director",2,"Married",6447,15701,6,"Y",12,3,2,1,8,2,2,6,5,4,3
53,"No","Travel_Rarely",1084,"Research & Development",13,2,"Medical",1,4,57,4,2,"Manufacturing Director",1,"Divorced",4450,26250,1,"Y",11,3,3,2,5,3,3,4,2,1,3
50,"No","Travel_Frequently",809,"Sales",12,3,"Marketing",1,3,77,3,3,"Sales Executive",4,"Single",9208,6645,4,"Y",11,3,4,0,16,3,3,2,2,2,1
50,"No","Travel_Rarely",328,"Research & Development",1,3,"Medical",1,3,86,2,1,"Laboratory Technician",3,"Married",3690,3425,2,"Y",15,3,4,1,5,2,2,3,2,0,2
59,"No","Travel_Rarely",142,"Research & Development",3,3,"Life Sciences",1,3,70,2,1,"Research Scientist",4,"Married",2177,8456,3,"Y",17,3,1,1,7,6,3,1,0,0,0
40,"No","Travel_Rarely",989,"Research & Development",4,1,"Medical",1,4,46,3,5,"Manager",3,"Married",19033,6499,1,"Y",14,3,2,1,21,2,3,20,8,9,9
36,"No","Travel_Frequently",1467,"Sales",11,2,"Technical Degree",1,2,92,3,3,"Sales Executive",4,"Married",9738,22952,0,"Y",14,3,3,1,10,6,3,9,7,2,8
36,"No","Travel_Frequently",541,"Sales",3,4,"Medical",1,1,48,2,3,"Sales Executive",4,"Married",9699,7246,4,"Y",11,3,1,1,16,2,3,13,9,1,12
37,"No","Travel_Rarely",397,"Research & Development",7,4,"Medical",1,1,30,3,3,"Research Director",3,"Single",13664,25258,4,"Y",13,3,1,0,16,3,4,5,2,0,2
55,"Yes","Travel_Rarely",725,"Research & Development",2,3,"Medical",1,4,78,3,5,"Manager",1,"Married",19859,21199,5,"Y",13,3,4,1,24,2,3,5,2,1,4
54,"No","Travel_Frequently",928,"Research & Development",20,4,"Life Sciences",1,4,31,3,2,"Research Scientist",3,"Single",4869,16885,3,"Y",12,3,4,0,20,4,2,4,3,0,3
23,"Yes","Travel_Rarely",1243,"Research & Development",6,3,"Life Sciences",1,3,63,4,1,"Laboratory Technician",1,"Married",1601,3445,1,"Y",21,4,3,2,1,2,3,0,0,0,0
37,"No","Travel_Rarely",921,"Research & Development",10,3,"Medical",1,3,98,3,1,"Laboratory Technician",1,"Married",3452,17663,6,"Y",20,4,2,1,17,3,3,5,4,0,3
24,"No","Travel_Rarely",691,"Research & Development",23,3,"Medical",1,2,89,4,1,"Research Scientist",4,"Married",2725,21630,1,"Y",11,3,2,2,6,3,3,6,5,1,4
37,"Yes","Travel_Rarely",807,"Human Resources",6,4,"Human Resources",1,3,63,3,1,"Human Resources",1,"Divorced",2073,23648,4,"Y",22,4,4,0,7,3,3,3,2,0,2
47,"No","Travel_Rarely",703,"Sales",14,4,"Marketing",1,4,42,3,2,"Sales Executive",1,"Single",4960,11825,2,"Y",12,3,4,0,20,2,3,7,7,1,7
50,"No","Travel_Frequently",1246,"Human Resources",3,3,"Medical",1,1,99,3,5,"Manager",2,"Married",18200,7999,1,"Y",11,3,3,1,32,2,3,32,5,10,7
22,"No","Travel_Rarely",534,"Research & Development",15,3,"Medical",1,2,59,3,1,"Laboratory Technician",4,"Single",2871,23785,1,"Y",15,3,3,0,1,5,3,0,0,0,0
38,"No","Non-Travel",1327,"Sales",2,2,"Life Sciences",1,4,39,2,2,"Sales Executive",4,"Married",5249,19682,3,"Y",18,3,4,1,13,0,3,8,7,7,5
29,"No","Travel_Rarely",1283,"Research & Development",23,3,"Life Sciences",1,4,54,3,1,"Research Scientist",4,"Single",2201,18168,9,"Y",16,3,4,0,6,4,3,3,2,1,2
32,"No","Travel_Rarely",827,"Research & Development",1,1,"Life Sciences",1,4,71,3,1,"Research Scientist",1,"Single",2956,15178,1,"Y",13,3,4,0,1,2,3,1,0,0,0
25,"No","Travel_Rarely",883,"Sales",26,1,"Medical",1,3,32,3,2,"Sales Executive",4,"Single",6180,22807,1,"Y",23,4,2,0,6,5,2,6,5,1,4
41,"No","Travel_Rarely",483,"Research & Development",6,3,"Medical",1,4,95,2,2,"Manufacturing Director",2,"Single",6032,10110,6,"Y",15,3,4,0,8,3,3,5,4,1,2
34,"No","Travel_Rarely",1397,"Research & Development",1,5,"Life Sciences",1,2,42,3,1,"Research Scientist",4,"Married",2691,7660,1,"Y",12,3,4,1,10,4,2,10,9,8,8
44,"No","Travel_Rarely",1315,"Research & Development",3,4,"Other",1,4,35,3,5,"Manager",4,"Married",19513,9358,4,"Y",12,3,1,1,26,2,4,2,2,0,1
30,"No","Travel_Rarely",921,"Research & Development",1,3,"Life Sciences",1,4,38,1,1,"Laboratory Technician",3,"Married",3833,24375,3,"Y",21,4,3,2,7,2,3,2,2,0,2
35,"No","Travel_Rarely",144,"Research & Development",22,3,"Life Sciences",1,4,46,1,1,"Laboratory Technician",3,"Single",4230,19225,0,"Y",15,3,3,0,6,2,3,5,4,4,3
30,"No","Travel_Rarely",317,"Research & Development",2,3,"Life Sciences",1,3,43,1,2,"Manufacturing Director",4,"Single",6091,24793,2,"Y",20,4,3,0,11,2,3,5,4,0,2
41,"No","Travel_Rarely",933,"Research & Development",9,4,"Life Sciences",1,3,94,3,1,"Laboratory Technician",1,"Married",2238,6961,2,"Y",21,4,4,1,7,2,3,5,0,1,4
29,"Yes","Travel_Rarely",992,"Research & Development",1,3,"Technical Degree",1,3,85,3,1,"Research Scientist",3,"Single",2058,19757,0,"Y",14,3,4,0,7,1,2,6,2,1,5
25,"No","Travel_Rarely",810,"Sales",8,3,"Life Sciences",1,4,57,4,2,"Sales Executive",2,"Married",4851,15678,0,"Y",22,4,3,1,4,4,3,3,2,1,2
27,"No","Travel_Rarely",608,"Research & Development",1,2,"Life Sciences",1,3,68,3,3,"Manufacturing Director",1,"Married",7412,6009,1,"Y",11,3,4,0,9,3,3,9,7,0,7
46,"No","Travel_Frequently",638,"Research & Development",1,3,"Medical",1,3,40,2,3,"Healthcare Representative",1,"Married",10673,3142,2,"Y",13,3,3,1,21,5,2,10,9,9,5
26,"No","Travel_Frequently",575,"Research & Development",1,2,"Life Sciences",1,1,71,1,1,"Laboratory Technician",4,"Divorced",4364,5288,3,"Y",14,3,1,1,5,2,3,2,2,2,0
32,"No","Travel_Frequently",967,"Sales",8,3,"Marketing",1,2,43,3,3,"Sales Executive",4,"Single",8998,15589,1,"Y",14,3,4,0,9,2,3,9,8,3,7
38,"No","Travel_Rarely",1495,"Research & Development",10,3,"Medical",1,3,76,3,2,"Healthcare Representative",3,"Married",9824,22174,3,"Y",19,3,3,1,18,4,3,1,0,0,0
45,"No","Non-Travel",1195,"Research & Development",2,2,"Medical",1,1,65,2,4,"Manager",4,"Married",16792,20462,9,"Y",23,4,4,1,22,1,3,20,8,11,8
45,"No","Travel_Rarely",1316,"Research & Development",29,3,"Medical",1,3,83,3,1,"Research Scientist",4,"Single",3452,9752,5,"Y",13,3,2,0,9,2,2,6,5,0,3
40,"No","Travel_Frequently",791,"Research & Development",2,2,"Medical",1,3,38,4,2,"Healthcare Representative",2,"Married",4244,9931,1,"Y",24,4,4,1,8,2,3,8,7,3,7
31,"No","Travel_Rarely",655,"Research & Development",7,4,"Life Sciences",1,4,48,3,2,"Laboratory Technician",4,"Divorced",5915,9528,3,"Y",22,4,4,1,10,3,2,7,7,1,7
27,"No","Travel_Rarely",975,"Research & Development",7,3,"Medical",1,4,55,2,2,"Healthcare Representative",1,"Single",6811,23398,8,"Y",19,3,1,0,9,2,1,7,6,0,7
34,"No","Travel_Rarely",1153,"Research & Development",1,2,"Medical",1,1,94,3,2,"Manufacturing Director",2,"Married",4325,17736,1,"Y",15,3,3,0,5,2,3,5,2,1,3
45,"No","Travel_Rarely",1339,"Research & Development",7,3,"Life Sciences",1,2,59,3,3,"Research Scientist",1,"Divorced",9724,18787,2,"Y",17,3,3,1,25,2,3,1,0,0,0
30,"Yes","Travel_Frequently",334,"Sales",26,4,"Marketing",1,3,52,2,2,"Sales Executive",1,"Single",6696,22967,5,"Y",15,3,3,0,9,5,2,6,3,0,1
43,"No","Non-Travel",1344,"Research & Development",7,3,"Medical",1,4,37,4,1,"Research Scientist",4,"Divorced",2089,5228,4,"Y",14,3,4,3,7,3,4,5,4,2,2
31,"No","Travel_Rarely",691,"Research & Development",5,4,"Technical Degree",1,3,86,3,1,"Research Scientist",4,"Married",4821,10077,0,"Y",12,3,3,1,6,4,3,5,2,0,3
30,"No","Non-Travel",1398,"Sales",22,4,"Other",1,3,69,3,3,"Sales Executive",1,"Married",8412,2890,0,"Y",11,3,3,0,10,3,3,9,8,7,8
36,"No","Travel_Rarely",216,"Research & Development",6,2,"Medical",1,2,84,3,2,"Manufacturing Director",2,"Divorced",4941,2819,6,"Y",20,4,4,2,7,0,3,3,2,0,1
40,"No","Travel_Rarely",555,"Research & Development",2,3,"Medical",1,2,78,2,2,"Laboratory Technician",3,"Married",3448,13436,6,"Y",22,4,2,1,20,3,3,1,0,0,0
27,"No","Travel_Rarely",1115,"Research & Development",3,4,"Medical",1,1,54,2,1,"Research Scientist",4,"Single",2045,15174,0,"Y",13,3,4,0,5,0,3,4,2,1,1
41,"No","Travel_Rarely",1411,"Research & Development",19,2,"Life Sciences",1,3,36,3,2,"Research Scientist",1,"Divorced",3072,19877,2,"Y",16,3,1,2,17,2,2,1,0,0,0
26,"No","Travel_Frequently",496,"Research & Development",11,2,"Medical",1,1,60,3,2,"Healthcare Representative",1,"Married",4741,22722,1,"Y",13,3,3,1,5,3,3,5,3,3,3
26,"Yes","Travel_Rarely",1357,"Research & Development",25,3,"Life Sciences",1,1,48,1,1,"Laboratory Technician",3,"Single",2293,10558,1,"Y",12,3,3,0,1,2,2,1,0,0,1
54,"No","Travel_Rarely",397,"Human Resources",19,4,"Medical",1,3,88,3,3,"Human Resources",2,"Married",10725,6729,2,"Y",15,3,3,1,16,1,4,9,7,7,1
36,"Yes","Travel_Rarely",318,"Research & Development",9,3,"Medical",1,4,79,2,1,"Research Scientist",3,"Married",3388,21777,0,"Y",17,3,1,1,2,0,2,1,0,0,0
50,"No","Travel_Rarely",691,"Research & Development",2,3,"Medical",1,3,64,3,4,"Research Director",3,"Married",17639,6881,5,"Y",16,3,4,0,30,3,3,4,3,0,3
31,"No","Travel_Rarely",480,"Research & Development",7,2,"Medical",1,2,31,3,2,"Manufacturing Director",1,"Married",4306,4156,1,"Y",12,3,2,1,13,5,1,13,10,3,12
30,"No","Travel_Rarely",438,"Research & Development",18,3,"Life Sciences",1,1,75,3,1,"Research Scientist",3,"Single",2632,23910,1,"Y",14,3,3,0,5,4,2,5,4,0,4
31,"No","Travel_Rarely",828,"Sales",2,1,"Life Sciences",1,2,77,3,2,"Sales Executive",4,"Single",6582,8346,4,"Y",13,3,3,0,10,2,4,6,5,0,5
29,"Yes","Travel_Rarely",408,"Research & Development",25,5,"Technical Degree",1,3,71,2,1,"Research Scientist",2,"Married",2546,18300,5,"Y",16,3,2,0,6,2,4,2,2,1,1
34,"Yes","Travel_Rarely",699,"Research & Development",6,1,"Medical",1,2,83,3,1,"Research Scientist",1,"Single",2960,17102,2,"Y",11,3,3,0,8,2,3,4,2,1,3
22,"No","Travel_Rarely",1136,"Research & Development",5,3,"Life Sciences",1,4,60,4,1,"Research Scientist",2,"Divorced",2328,12392,1,"Y",16,3,1,1,4,2,2,4,2,2,2
48,"No","Travel_Rarely",817,"Sales",2,1,"Marketing",1,2,56,4,2,"Sales Executive",2,"Married",8120,18597,3,"Y",12,3,4,0,12,3,3,2,2,2,2
49,"No","Travel_Frequently",279,"Research & Development",8,1,"Life Sciences",1,3,61,2,2,"Research Scientist",2,"Married",5130,24907,1,"Y",23,4,4,1,10,3,3,10,7,1,7
34,"No","Non-Travel",1381,"Sales",4,4,"Marketing",1,3,72,3,2,"Sales Executive",3,"Married",6538,12740,9,"Y",15,3,1,1,6,3,3,3,2,1,2
35,"No","Travel_Rarely",619,"Sales",1,3,"Marketing",1,2,85,3,2,"Sales Executive",3,"Married",4717,18659,9,"Y",11,3,3,0,15,2,3,11,9,6,9
32,"No","Travel_Rarely",120,"Research & Development",6,5,"Life Sciences",1,3,43,3,1,"Research Scientist",3,"Single",3038,12430,3,"Y",20,4,1,0,8,2,3,5,4,1,4
37,"No","Travel_Rarely",799,"Research & Development",1,3,"Technical Degree",1,2,59,3,3,"Manufacturing Director",4,"Single",7491,23848,4,"Y",17,3,4,0,12,3,4,6,5,1,2
51,"No","Travel_Rarely",684,"Research & Development",6,3,"Life Sciences",1,1,51,3,5,"Research Director",3,"Single",19537,6462,7,"Y",13,3,3,0,23,5,3,20,18,15,15
30,"No","Travel_Rarely",1427,"Research & Development",2,1,"Medical",1,2,35,2,1,"Laboratory Technician",4,"Single",2720,11162,0,"Y",13,3,4,0,6,3,3,5,3,1,2
41,"Yes","Travel_Rarely",1102,"Sales",1,2,"Life Sciences",1,2,94,3,2,"Sales Executive",4,"Single",5993,19479,8,"Y",11,3,1,0,8,0,1,6,4,0,5
49,"No","Travel_Frequently",636,"Research & Development",10,4,"Life Sciences",1,3,35,3,5,"Research Director",1,"Single",18665,25594,9,"Y",11,3,4,0,22,4,3,3,2,1,2
27,"No","Travel_Frequently",472,"Research & Development",1,1,"Technical Degree",1,3,60,2,2,"Manufacturing Director",1,"Married",4298,9679,5,"Y",19,3,3,1,6,1,3,2,2,2,0
30,"No","Travel_Rarely",501,"Sales",27,5,"Marketing",1,3,99,3,2,"Sales Executive",4,"Divorced",5304,25275,7,"Y",23,4,4,1,10,2,2,8,7,7,7
27,"Yes","Travel_Rarely",1420,"Sales",2,1,"Marketing",1,3,85,3,1,"Sales Representative",1,"Divorced",3041,16346,0,"Y",11,3,2,1,5,3,3,4,3,0,2
35,"No","Travel_Rarely",1142,"Research & Development",23,4,"Medical",1,3,30,3,1,"Laboratory Technician",1,"Married",4014,16002,3,"Y",15,3,3,1,4,3,3,2,2,2,2
46,"No","Travel_Rarely",945,"Human Resources",5,2,"Medical",1,2,80,3,2,"Human Resources",2,"Divorced",5021,10425,8,"Y",22,4,4,1,16,2,3,4,2,0,2
26,"Yes","Travel_Rarely",1146,"Sales",8,3,"Technical Degree",1,4,38,2,2,"Sales Executive",1,"Single",5326,3064,6,"Y",17,3,3,0,6,2,2,4,3,1,2
37,"No","Travel_Rarely",1319,"Research & Development",6,3,"Medical",1,3,51,4,2,"Research Scientist",1,"Divorced",5974,17001,4,"Y",13,3,1,2,13,2,3,7,7,6,7
23,"No","Travel_Rarely",310,"Research & Development",10,1,"Medical",1,1,79,4,1,"Research Scientist",3,"Single",3505,19630,1,"Y",18,3,4,0,2,3,3,2,2,0,2
23,"No","Travel_Rarely",885,"Research & Development",4,3,"Medical",1,1,58,4,1,"Research Scientist",1,"Married",2819,8544,2,"Y",16,3,1,1,5,3,4,3,2,0,2
27,"No","Travel_Rarely",894,"Research & Development",9,3,"Medical",1,4,99,3,1,"Research Scientist",2,"Single",2279,11781,1,"Y",16,3,4,0,7,2,2,7,7,0,3
52,"No","Travel_Rarely",1323,"Research & Development",2,3,"Life Sciences",1,3,89,2,1,"Laboratory Technician",4,"Single",3212,3300,7,"Y",15,3,2,0,6,3,2,2,2,2,2
31,"Yes","Travel_Frequently",534,"Research & Development",20,3,"Life Sciences",1,1,66,3,3,"Healthcare Representative",3,"Married",9824,22908,3,"Y",12,3,1,0,12,2,3,1,0,0,0
36,"No","Travel_Rarely",676,"Research & Development",1,3,"Other",1,3,35,3,2,"Manufacturing Director",2,"Married",5228,23361,0,"Y",15,3,1,1,10,2,3,9,7,0,5
26,"Yes","Travel_Rarely",1449,"Research & Development",16,4,"Medical",1,1,45,3,1,"Laboratory Technician",2,"Divorced",2373,14180,2,"Y",13,3,4,1,5,2,3,3,2,0,2
51,"No","Travel_Rarely",632,"Sales",21,4,"Marketing",1,3,71,3,2,"Sales Executive",4,"Single",5441,8423,0,"Y",22,4,4,0,11,2,1,10,7,1,0
54,"No","Travel_Rarely",1147,"Sales",3,3,"Marketing",1,4,52,3,2,"Sales Executive",1,"Married",5940,17011,2,"Y",14,3,4,1,16,4,3,6,2,0,5
44,"No","Travel_Rarely",1488,"Sales",1,5,"Marketing",1,2,75,3,2,"Sales Executive",1,"Divorced",5454,4009,5,"Y",21,4,3,1,9,2,2,4,3,1,3
32,"No","Travel_Rarely",128,"Research & Development",2,1,"Technical Degree",1,4,84,2,2,"Laboratory Technician",1,"Single",2176,19737,4,"Y",13,3,4,0,9,5,3,6,2,0,4
50,"No","Travel_Rarely",1099,"Research & Development",29,4,"Life Sciences",1,2,88,2,4,"Manager",3,"Married",17046,9314,0,"Y",15,3,2,1,28,2,3,27,10,15,7
29,"Yes","Travel_Rarely",896,"Research & Development",18,1,"Medical",1,3,86,2,1,"Research Scientist",4,"Single",2389,14961,1,"Y",13,3,3,0,4,3,2,4,3,0,1
56,"Yes","Travel_Rarely",441,"Research & Development",14,4,"Life Sciences",1,2,72,3,1,"Research Scientist",2,"Married",4963,4510,9,"Y",18,3,1,3,7,2,3,5,4,4,3
54,"No","Travel_Rarely",821,"Research & Development",5,2,"Medical",1,1,86,3,5,"Research Director",1,"Married",19406,8509,4,"Y",11,3,3,1,24,4,2,4,2,1,2
34,"No","Travel_Rarely",1354,"Research & Development",5,3,"Medical",1,3,45,2,3,"Manager",1,"Single",11631,5615,2,"Y",12,3,4,0,14,6,3,11,10,5,8
40,"No","Travel_Rarely",804,"Research & Development",2,1,"Medical",1,4,86,2,1,"Research Scientist",4,"Single",2342,22929,0,"Y",20,4,4,0,5,2,2,4,2,2,3
30,"No","Non-Travel",111,"Research & Development",9,3,"Medical",1,3,66,3,2,"Laboratory Technician",1,"Divorced",3072,11012,1,"Y",11,3,3,2,12,4,3,12,9,6,10
40,"No","Travel_Rarely",759,"Sales",2,2,"Marketing",1,4,46,3,2,"Sales Executive",2,"Divorced",5715,22553,7,"Y",12,3,3,2,8,5,3,5,4,1,3
30,"No","Travel_Rarely",1082,"Sales",12,3,"Technical Degree",1,2,83,3,2,"Sales Executive",3,"Single",6577,19558,0,"Y",11,3,2,0,6,6,3,5,4,4,4
37,"No","Travel_Rarely",1225,"Research & Development",10,2,"Life Sciences",1,4,80,4,1,"Research Scientist",4,"Single",4680,15232,3,"Y",17,3,1,0,4,2,3,1,0,0,0
43,"No","Travel_Rarely",782,"Research & Development",6,4,"Other",1,2,50,2,4,"Research Director",4,"Divorced",16627,2671,4,"Y",14,3,3,1,21,3,2,1,0,0,0
43,"No","Travel_Rarely",1273,"Research & Development",2,2,"Medical",1,4,72,4,1,"Research Scientist",3,"Divorced",2645,21923,1,"Y",12,3,4,2,6,3,2,5,3,1,4
33,"Yes","Travel_Rarely",587,"Research & Development",10,1,"Medical",1,1,38,1,1,"Laboratory Technician",4,"Divorced",3408,6705,7,"Y",13,3,1,3,8,2,3,4,3,1,3
35,"No","Travel_Frequently",944,"Sales",1,3,"Marketing",1,3,92,3,3,"Sales Executive",3,"Single",8789,9096,1,"Y",14,3,1,0,10,3,4,10,7,0,8
46,"No","Travel_Rarely",1009,"Research & Development",2,3,"Life Sciences",1,1,51,3,4,"Research Director",3,"Married",17861,2288,6,"Y",13,3,3,0,26,2,1,3,2,0,1
37,"No","Travel_Rarely",290,"Research & Development",21,3,"Life Sciences",1,2,65,4,1,"Research Scientist",1,"Married",3564,22977,1,"Y",12,3,1,1,8,3,2,8,7,1,7
33,"Yes","Travel_Rarely",813,"Research & Development",14,3,"Medical",1,3,58,3,1,"Laboratory Technician",4,"Married",2436,22149,5,"Y",13,3,3,1,8,2,1,5,4,0,4
21,"No","Travel_Rarely",1343,"Sales",22,1,"Technical Degree",1,3,49,3,1,"Sales Representative",3,"Single",3447,24444,1,"Y",11,3,3,0,3,2,3,3,2,1,2
27,"No","Travel_Frequently",994,"Sales",8,3,"Life Sciences",1,4,37,3,3,"Sales Executive",3,"Single",8726,2975,1,"Y",15,3,4,0,9,0,3,9,8,1,7
55,"No","Travel_Rarely",452,"Research & Development",1,3,"Medical",1,4,81,3,5,"Manager",1,"Single",19045,18938,0,"Y",14,3,3,0,37,2,3,36,10,4,13
36,"No","Non-Travel",1105,"Research & Development",24,4,"Life Sciences",1,2,47,3,2,"Laboratory Technician",2,"Married",5674,6927,7,"Y",15,3,3,1,11,3,3,9,8,0,8
50,"No","Travel_Rarely",1207,"Research & Development",28,1,"Medical",1,4,74,4,1,"Laboratory Technician",3,"Married",3221,3297,1,"Y",11,3,3,3,20,3,3,20,8,3,8
38,"No","Travel_Rarely",688,"Research & Development",23,4,"Life Sciences",1,4,82,3,2,"Healthcare Representative",4,"Divorced",5745,18899,9,"Y",14,3,2,1,10,2,3,2,2,1,2
43,"No","Travel_Frequently",394,"Sales",26,2,"Life Sciences",1,3,92,3,4,"Manager",4,"Married",16959,19494,1,"Y",12,3,4,2,25,3,4,25,12,4,12
42,"No","Travel_Rarely",544,"Human Resources",2,1,"Technical Degree",1,3,52,3,1,"Human Resources",3,"Divorced",2696,24017,0,"Y",11,3,3,1,4,5,3,3,2,1,0
60,"No","Travel_Frequently",1499,"Sales",28,3,"Marketing",1,3,80,2,3,"Sales Executive",1,"Married",10266,2845,4,"Y",19,3,4,0,22,5,4,18,13,13,11
55,"No","Travel_Rarely",692,"Research & Development",14,4,"Medical",1,3,61,4,5,"Research Director",2,"Single",18722,13339,8,"Y",11,3,4,0,36,3,3,24,15,2,15
37,"No","Travel_Rarely",1115,"Research & Development",1,4,"Life Sciences",1,1,51,2,2,"Manufacturing Director",3,"Divorced",5993,2689,1,"Y",18,3,3,1,7,2,4,7,5,0,7
33,"Yes","Travel_Frequently",1076,"Research & Development",3,3,"Life Sciences",1,1,70,3,1,"Research Scientist",1,"Single",3348,3164,1,"Y",11,3,1,0,10,3,3,10,8,9,7
32,"No","Travel_Rarely",1093,"Sales",6,4,"Medical",1,2,87,3,2,"Sales Executive",3,"Single",5010,24301,1,"Y",16,3,1,0,12,0,3,11,8,5,7
35,"Yes","Travel_Rarely",556,"Research & Development",23,2,"Life Sciences",1,2,50,2,2,"Manufacturing Director",3,"Married",5916,15497,3,"Y",13,3,1,0,8,1,3,1,0,0,1
28,"No","Travel_Rarely",304,"Sales",9,4,"Life Sciences",1,2,92,3,2,"Sales Executive",4,"Single",5253,20750,1,"Y",16,3,4,0,7,1,3,7,5,0,7
35,"No","Travel_Rarely",1258,"Research & Development",1,4,"Life Sciences",1,4,40,4,1,"Research Scientist",3,"Single",2506,13301,3,"Y",13,3,3,0,7,0,3,2,2,2,2
37,"No","Non-Travel",728,"Research & Development",1,4,"Medical",1,1,80,3,3,"Research Director",4,"Divorced",13603,11677,2,"Y",18,3,1,2,15,2,3,5,2,0,2
24,"No","Travel_Rarely",1353,"Sales",3,2,"Other",1,1,33,3,2,"Sales Executive",3,"Married",4999,17519,0,"Y",21,4,1,1,4,2,2,3,2,0,2
50,"No","Travel_Rarely",854,"Sales",1,4,"Medical",1,4,68,3,5,"Manager",4,"Divorced",19517,24118,3,"Y",11,3,3,1,32,3,2,7,0,0,6
58,"Yes","Travel_Rarely",147,"Research & Development",23,4,"Medical",1,4,94,3,3,"Healthcare Representative",4,"Married",10312,3465,1,"Y",12,3,4,1,40,3,2,40,10,15,6
18,"Yes","Travel_Frequently",1306,"Sales",5,3,"Marketing",1,2,69,3,1,"Sales Representative",2,"Single",1878,8059,1,"Y",14,3,4,0,0,3,3,0,0,0,0
26,"Yes","Travel_Frequently",575,"Research & Development",3,1,"Technical Degree",1,3,73,3,1,"Research Scientist",1,"Single",3102,6582,0,"Y",22,4,3,0,7,2,3,6,4,0,4
37,"No","Travel_Rarely",228,"Sales",6,4,"Medical",1,3,98,3,2,"Sales Executive",4,"Married",6502,22825,4,"Y",14,3,2,1,7,5,4,5,4,0,1
37,"No","Travel_Rarely",482,"Research & Development",3,3,"Other",1,3,36,3,3,"Manufacturing Director",3,"Married",9434,9606,1,"Y",15,3,3,1,10,2,3,10,7,7,8
18,"No","Travel_Rarely",812,"Sales",10,3,"Medical",1,4,69,2,1,"Sales Representative",3,"Single",1200,9724,1,"Y",12,3,1,0,0,2,3,0,0,0,0
42,"No","Travel_Rarely",622,"Research & Development",2,4,"Life Sciences",1,3,81,3,2,"Healthcare Representative",4,"Married",4089,5718,1,"Y",13,3,2,2,10,4,3,10,2,2,2
36,"No","Travel_Rarely",132,"Research & Development",6,3,"Life Sciences",1,2,55,4,1,"Laboratory Technician",4,"Married",3038,22002,3,"Y",12,3,2,0,5,3,3,1,0,0,0
48,"No","Travel_Rarely",163,"Sales",2,5,"Marketing",1,2,37,3,2,"Sales Executive",4,"Married",4051,19658,2,"Y",14,3,1,1,14,2,3,9,7,6,7
43,"No","Travel_Frequently",185,"Research & Development",10,4,"Life Sciences",1,3,33,3,1,"Laboratory Technician",4,"Single",2455,10675,0,"Y",19,3,1,0,9,5,3,8,7,1,7
30,"Yes","Travel_Rarely",1005,"Research & Development",3,3,"Technical Degree",1,4,88,3,1,"Research Scientist",1,"Single",2657,8556,5,"Y",11,3,3,0,8,5,3,5,2,0,4
35,"No","Travel_Rarely",1017,"Research & Development",6,4,"Life Sciences",1,2,82,1,2,"Research Scientist",4,"Single",6646,19368,1,"Y",13,3,2,0,17,3,3,17,11,11,8
35,"No","Travel_Rarely",384,"Sales",8,4,"Life Sciences",1,1,72,3,1,"Sales Representative",4,"Married",2572,20317,1,"Y",16,3,2,1,3,1,2,3,2,0,2
27,"No","Travel_Frequently",829,"Sales",8,1,"Marketing",1,3,84,3,2,"Sales Executive",4,"Married",4342,24008,0,"Y",19,3,2,1,5,3,3,4,2,1,1
57,"No","Travel_Rarely",593,"Research & Development",1,4,"Medical",1,4,88,3,2,"Healthcare Representative",3,"Married",6755,2967,2,"Y",11,3,3,0,15,2,3,3,2,1,2
28,"Yes","Travel_Rarely",1434,"Research & Development",5,4,"Technical Degree",1,3,50,3,1,"Laboratory Technician",3,"Single",3441,11179,1,"Y",13,3,3,0,2,3,2,2,2,2,2
42,"No","Travel_Frequently",1368,"Research & Development",28,4,"Technical Degree",1,4,88,2,2,"Healthcare Representative",4,"Married",4523,4386,0,"Y",11,3,4,3,7,4,4,6,5,0,4
48,"No","Travel_Rarely",530,"Sales",29,1,"Medical",1,1,91,3,3,"Manager",3,"Married",12504,23978,3,"Y",21,4,2,1,15,3,1,0,0,0,0
41,"No","Travel_Rarely",314,"Human Resources",1,3,"Human Resources",1,4,59,2,5,"Manager",3,"Married",19189,19562,1,"Y",12,3,2,1,22,3,3,22,7,2,10
38,"No","Travel_Rarely",1380,"Research & Development",9,2,"Life Sciences",1,3,75,3,1,"Laboratory Technician",4,"Single",2288,6319,1,"Y",12,3,3,0,2,3,3,2,2,2,1
28,"Yes","Travel_Rarely",890,"Research & Development",2,4,"Medical",1,3,46,3,1,"Research Scientist",3,"Single",4382,16374,6,"Y",17,3,4,0,5,3,2,2,2,2,1
32,"No","Travel_Rarely",1018,"Research & Development",3,2,"Life Sciences",1,3,39,3,3,"Research Director",4,"Single",11159,19373,3,"Y",15,3,4,0,10,6,3,7,7,7,7
26,"No","Travel_Frequently",1479,"Research & Development",1,3,"Life Sciences",1,3,84,3,2,"Manufacturing Director",2,"Divorced",6397,26767,1,"Y",20,4,1,1,6,6,1,6,5,1,4
34,"No","Travel_Rarely",1031,"Research & Development",6,4,"Life Sciences",1,3,45,2,2,"Research Scientist",2,"Divorced",4505,15000,6,"Y",15,3,3,1,12,3,3,1,0,0,0
49,"No","Travel_Rarely",470,"Research & Development",20,4,"Medical",1,3,96,3,2,"Manufacturing Director",1,"Married",6567,5549,1,"Y",14,3,3,0,16,2,2,15,11,5,11
39,"No","Travel_Rarely",1132,"Research & Development",1,3,"Medical",1,3,48,4,3,"Healthcare Representative",4,"Divorced",9613,10942,0,"Y",17,3,1,3,19,5,2,18,10,3,7
36,"Yes","Travel_Rarely",1218,"Sales",9,4,"Life Sciences",1,3,82,2,1,"Sales Representative",1,"Single",3407,6986,7,"Y",23,4,2,0,10,4,3,5,3,0,3
39,"No","Travel_Frequently",505,"Research & Development",2,4,"Technical Degree",1,3,64,3,3,"Healthcare Representative",3,"Single",10938,6420,0,"Y",25,4,4,0,20,1,3,19,6,11,8
50,"Yes","Travel_Frequently",562,"Sales",8,2,"Technical Degree",1,2,50,3,2,"Sales Executive",3,"Married",6796,23452,3,"Y",14,3,1,1,18,4,3,4,3,1,3
50,"No","Travel_Rarely",797,"Research & Development",4,1,"Life Sciences",1,1,96,3,5,"Research Director",2,"Divorced",19144,15815,3,"Y",14,3,1,2,28,4,2,10,4,1,6
35,"No","Travel_Rarely",464,"Research & Development",4,2,"Other",1,3,75,3,1,"Laboratory Technician",4,"Divorced",1951,10910,1,"Y",12,3,3,1,1,3,3,1,0,0,0
50,"No","Travel_Rarely",1452,"Research & Development",11,3,"Life Sciences",1,3,53,3,5,"Manager",2,"Single",19926,17053,3,"Y",15,3,2,0,21,5,3,5,4,4,4
29,"No","Non-Travel",1496,"Research & Development",1,1,"Technical Degree",1,4,41,3,2,"Manufacturing Director",3,"Married",4319,26283,1,"Y",13,3,1,1,10,1,3,10,7,0,9
45,"No","Travel_Frequently",1249,"Research & Development",7,3,"Life Sciences",1,1,97,3,3,"Laboratory Technician",1,"Divorced",5210,20308,1,"Y",18,3,1,1,24,2,3,24,9,9,11
50,"No","Travel_Rarely",316,"Sales",8,4,"Marketing",1,4,54,3,1,"Sales Representative",2,"Married",3875,9983,7,"Y",15,3,4,1,4,2,3,2,2,2,2
50,"No","Travel_Rarely",1046,"Research & Development",10,3,"Technical Degree",1,4,100,2,3,"Healthcare Representative",4,"Single",10496,2755,6,"Y",15,3,4,0,20,2,3,4,3,1,3
30,"No","Travel_Rarely",1334,"Sales",4,2,"Medical",1,3,63,2,2,"Sales Executive",2,"Divorced",5209,19760,1,"Y",12,3,2,3,11,4,2,11,8,2,7
51,"No","Travel_Rarely",1469,"Research & Development",8,4,"Life Sciences",1,2,81,2,3,"Research Director",2,"Married",12490,15736,5,"Y",16,3,4,2,16,5,1,10,9,4,7
27,"No","Travel_Frequently",294,"Research & Development",10,2,"Life Sciences",1,4,32,3,3,"Manufacturing Director",1,"Divorced",8793,4809,1,"Y",21,4,3,2,9,4,2,9,7,1,7
32,"No","Travel_Frequently",430,"Research & Development",24,4,"Life Sciences",1,1,80,3,2,"Laboratory Technician",4,"Married",5309,21146,1,"Y",15,3,4,2,10,2,3,10,8,4,7
30,"No","Travel_Rarely",125,"Research & Development",9,2,"Medical",1,4,83,2,1,"Laboratory Technician",3,"Single",2206,16117,1,"Y",13,3,1,0,10,5,3,10,0,1,8
26,"No","Travel_Rarely",1349,"Research & Development",23,3,"Life Sciences",1,1,90,3,1,"Research Scientist",4,"Divorced",2886,3032,1,"Y",22,4,2,2,3,3,1,3,2,0,2
34,"Yes","Non-Travel",1362,"Sales",19,3,"Marketing",1,1,67,4,2,"Sales Executive",4,"Single",5304,4652,8,"Y",13,3,2,0,9,3,2,5,2,0,4
51,"No","Travel_Rarely",1302,"Research & Development",2,3,"Medical",1,4,84,1,2,"Manufacturing Director",2,"Divorced",5482,16321,5,"Y",18,3,4,1,13,3,3,4,1,1,2
47,"No","Travel_Rarely",1482,"Research & Development",5,5,"Life Sciences",1,4,42,3,5,"Research Director",3,"Married",18300,16375,4,"Y",11,3,2,1,21,2,3,3,2,1,1
34,"No","Travel_Rarely",258,"Sales",21,4,"Life Sciences",1,4,74,4,2,"Sales Executive",4,"Single",5337,19921,1,"Y",12,3,4,0,10,3,3,10,7,5,7
23,"No","Travel_Rarely",541,"Sales",2,1,"Technical Degree",1,3,62,3,1,"Sales Representative",1,"Divorced",2322,9518,3,"Y",13,3,3,1,3,3,3,0,0,0,0
52,"Yes","Travel_Rarely",723,"Research & Development",8,4,"Medical",1,3,85,2,2,"Research Scientist",2,"Married",4941,17747,2,"Y",15,3,1,0,11,3,2,8,2,7,7
32,"Yes","Travel_Rarely",1033,"Research & Development",9,3,"Medical",1,1,41,3,1,"Laboratory Technician",1,"Single",4200,10224,7,"Y",22,4,1,0,10,2,4,5,4,0,4
35,"No","Travel_Rarely",890,"Sales",2,3,"Marketing",1,4,97,3,1,"Sales Representative",4,"Married",2014,9687,1,"Y",13,3,1,0,2,3,3,2,2,2,2
31,"No","Travel_Rarely",1274,"Research & Development",9,1,"Life Sciences",1,3,33,3,3,"Manufacturing Director",2,"Divorced",10648,14394,1,"Y",25,4,4,1,13,6,4,13,8,0,8
43,"No","Travel_Frequently",957,"Research & Development",28,3,"Medical",1,2,72,4,1,"Research Scientist",3,"Single",4739,16090,4,"Y",12,3,4,0,18,2,3,3,2,1,2
25,"No","Non-Travel",675,"Research & Development",5,2,"Life Sciences",1,2,85,4,2,"Healthcare Representative",1,"Divorced",4000,18384,1,"Y",12,3,4,2,6,2,3,6,3,1,5
33,"No","Travel_Frequently",1296,"Research & Development",6,3,"Life Sciences",1,3,30,3,2,"Healthcare Representative",4,"Divorced",7725,5335,3,"Y",23,4,3,1,15,2,1,13,11,4,7
27,"No","Travel_Rarely",1130,"Sales",8,4,"Marketing",1,2,56,3,2,"Sales Executive",2,"Married",6214,3415,1,"Y",18,3,1,1,8,3,3,8,7,0,7
36,"No","Travel_Rarely",922,"Research & Development",3,2,"Life Sciences",1,1,39,3,1,"Laboratory Technician",4,"Divorced",2835,2561,5,"Y",22,4,1,1,7,2,3,1,0,0,0
39,"No","Travel_Frequently",672,"Research & Development",7,2,"Medical",1,3,54,2,5,"Manager",4,"Married",19272,21141,1,"Y",15,3,1,1,21,2,3,21,9,13,3
40,"No","Travel_Frequently",1395,"Research & Development",26,3,"Medical",1,2,54,3,2,"Research Scientist",2,"Divorced",5605,8504,1,"Y",11,3,1,1,20,2,3,20,7,2,13
40,"No","Non-Travel",1094,"Sales",28,3,"Other",1,3,58,1,3,"Sales Executive",1,"Divorced",10932,11373,3,"Y",15,3,3,1,20,2,3,1,0,0,1
42,"No","Travel_Rarely",916,"Research & Development",17,2,"Life Sciences",1,4,82,4,2,"Research Scientist",1,"Single",6545,23016,3,"Y",13,3,3,0,10,1,3,3,2,0,2
45,"No","Travel_Rarely",561,"Sales",2,3,"Other",1,4,61,3,2,"Sales Executive",2,"Married",4805,16177,0,"Y",19,3,2,1,9,3,4,8,7,3,7
34,"No","Travel_Rarely",254,"Research & Development",1,2,"Life Sciences",1,2,83,2,1,"Research Scientist",4,"Married",3622,22794,1,"Y",13,3,4,1,6,3,3,6,5,1,3
24,"No","Travel_Frequently",535,"Sales",24,3,"Medical",1,4,38,3,1,"Sales Representative",4,"Married",2400,5530,0,"Y",13,3,3,2,3,3,3,2,2,2,1
35,"No","Travel_Rarely",1214,"Research & Development",1,3,"Medical",1,2,30,2,1,"Research Scientist",3,"Single",2859,26278,1,"Y",18,3,1,0,6,3,3,6,4,0,4
27,"No","Travel_Rarely",798,"Research & Development",6,4,"Medical",1,1,66,2,1,"Research Scientist",3,"Divorced",2187,5013,0,"Y",12,3,3,2,6,5,2,5,3,0,3
26,"No","Travel_Rarely",1443,"Sales",23,3,"Marketing",1,3,47,2,2,"Sales Executive",4,"Married",4157,21436,7,"Y",19,3,3,1,5,2,2,2,2,0,0
39,"No","Travel_Rarely",408,"Research & Development",2,4,"Technical Degree",1,4,80,2,2,"Healthcare Representative",3,"Single",4553,20978,1,"Y",11,3,1,0,20,4,3,20,7,11,10
35,"No","Travel_Rarely",1232,"Sales",16,3,"Marketing",1,3,96,3,3,"Sales Executive",2,"Married",8020,5100,0,"Y",15,3,3,2,12,3,2,11,9,6,9
45,"No","Travel_Rarely",954,"Sales",2,2,"Technical Degree",1,2,46,1,2,"Sales Representative",3,"Single",6632,12388,0,"Y",13,3,1,0,9,3,3,8,7,3,1
29,"No","Travel_Rarely",1176,"Sales",3,2,"Medical",1,2,62,3,2,"Sales Executive",3,"Married",5561,3487,1,"Y",14,3,1,1,6,5,2,6,0,1,2
26,"No","Travel_Rarely",775,"Sales",29,2,"Medical",1,1,45,3,2,"Sales Executive",3,"Divorced",4306,4267,5,"Y",12,3,1,2,8,5,3,0,0,0,0
24,"Yes","Travel_Rarely",813,"Research & Development",1,3,"Medical",1,2,61,3,1,"Research Scientist",4,"Married",2293,3020,2,"Y",16,3,1,1,6,2,2,2,0,2,0
45,"No","Travel_Rarely",192,"Research & Development",10,2,"Life Sciences",1,1,69,3,1,"Research Scientist",4,"Married",2654,9655,3,"Y",21,4,4,2,8,3,2,2,2,0,2
20,"No","Travel_Rarely",959,"Research & Development",1,3,"Life Sciences",1,4,83,2,1,"Research Scientist",2,"Single",2836,11757,1,"Y",13,3,4,0,1,0,4,1,0,0,0
46,"No","Travel_Rarely",488,"Sales",2,3,"Technical Degree",1,3,75,1,4,"Manager",2,"Married",16872,14977,3,"Y",12,3,2,1,28,2,2,7,7,7,7
29,"No","Travel_Rarely",1328,"Research & Development",2,3,"Life Sciences",1,3,76,3,1,"Research Scientist",2,"Married",2703,4956,0,"Y",23,4,4,1,6,3,3,5,4,0,4
46,"No","Non-Travel",1144,"Research & Development",7,4,"Medical",1,3,30,3,2,"Manufacturing Director",3,"Married",5258,16044,2,"Y",14,3,3,0,7,2,4,1,0,0,0
33,"No","Travel_Rarely",134,"Research & Development",2,3,"Life Sciences",1,3,90,3,1,"Research Scientist",4,"Single",2500,10515,0,"Y",14,3,1,0,4,2,4,3,1,0,2
38,"No","Travel_Rarely",827,"Research & Development",1,4,"Life Sciences",1,2,33,4,2,"Healthcare Representative",4,"Single",7625,19383,0,"Y",13,3,3,0,10,4,2,9,7,1,8
53,"No","Travel_Rarely",238,"Sales",1,1,"Medical",1,4,34,3,2,"Sales Executive",1,"Single",8381,7507,7,"Y",20,4,4,0,18,2,4,14,7,8,10
35,"No","Travel_Rarely",1296,"Research & Development",5,4,"Technical Degree",1,3,62,3,3,"Manufacturing Director",2,"Single",8095,18264,0,"Y",13,3,4,0,17,5,3,16,6,0,13
41,"No","Travel_Rarely",1276,"Sales",2,5,"Life Sciences",1,2,91,3,4,"Manager",1,"Married",16595,5626,7,"Y",16,3,2,1,22,2,3,18,16,11,8
38,"No","Travel_Rarely",1261,"Research & Development",2,4,"Life Sciences",1,4,88,3,2,"Manufacturing Director",3,"Married",6553,7259,9,"Y",14,3,2,0,14,3,3,1,0,0,0
30,"Yes","Travel_Frequently",464,"Research & Development",4,3,"Technical Degree",1,3,40,3,1,"Research Scientist",4,"Single",2285,3427,9,"Y",23,4,3,0,3,4,3,1,0,0,0
31,"No","Travel_Rarely",670,"Research & Development",26,1,"Life Sciences",1,1,31,3,1,"Research Scientist",3,"Divorced",2911,15170,1,"Y",17,3,4,1,5,1,2,5,2,4,3
26,"Yes","Travel_Rarely",471,"Research & Development",24,3,"Technical Degree",1,3,66,1,1,"Laboratory Technician",4,"Single",2340,23213,1,"Y",18,3,2,0,1,3,1,1,0,0,0
27,"No","Travel_Rarely",1240,"Research & Development",2,4,"Life Sciences",1,4,33,3,1,"Laboratory Technician",1,"Divorced",2341,19715,1,"Y",13,3,4,1,1,6,3,1,0,0,0
34,"No","Travel_Rarely",665,"Research & Development",6,4,"Other",1,1,41,3,2,"Research Scientist",3,"Single",4809,12482,1,"Y",14,3,3,0,16,3,3,16,13,2,10
46,"No","Travel_Rarely",644,"Research & Development",1,4,"Medical",1,4,97,3,3,"Healthcare Representative",1,"Divorced",9396,12368,7,"Y",16,3,3,1,17,3,3,4,2,0,3
55,"No","Travel_Rarely",1117,"Sales",18,5,"Life Sciences",1,1,83,3,4,"Manager",2,"Single",16835,9873,3,"Y",23,4,4,0,37,2,3,10,9,7,7
37,"No","Travel_Frequently",889,"Research & Development",9,3,"Medical",1,2,53,3,1,"Research Scientist",4,"Married",2326,11411,1,"Y",12,3,3,3,4,3,2,4,2,1,2
51,"No","Travel_Frequently",1456,"Research & Development",1,4,"Medical",1,1,30,2,3,"Healthcare Representative",1,"Single",7484,25796,3,"Y",20,4,3,0,23,1,2,13,12,12,8
40,"No","Travel_Frequently",530,"Research & Development",1,4,"Life Sciences",1,3,78,2,4,"Healthcare Representative",2,"Married",13503,14115,1,"Y",22,4,4,1,22,3,2,22,3,11,11
24,"No","Non-Travel",673,"Research & Development",11,2,"Other",1,1,96,4,2,"Manufacturing Director",3,"Divorced",4011,8232,0,"Y",18,3,4,1,5,5,2,4,2,1,3
31,"No","Travel_Rarely",408,"Research & Development",9,4,"Life Sciences",1,3,42,2,1,"Research Scientist",2,"Single",2657,7551,0,"Y",16,3,4,0,3,5,3,2,2,2,2
32,"No","Travel_Rarely",1401,"Sales",4,2,"Life Sciences",1,3,56,3,1,"Sales Representative",2,"Married",3931,20990,2,"Y",11,3,1,1,6,5,3,4,3,1,2
34,"No","Travel_Frequently",1069,"Research & Development",2,1,"Life Sciences",1,4,45,2,2,"Manufacturing Director",3,"Married",9547,14074,1,"Y",17,3,3,0,10,2,2,10,9,1,9
43,"No","Travel_Frequently",775,"Sales",15,3,"Life Sciences",1,4,47,2,2,"Sales Executive",4,"Married",6804,23683,3,"Y",18,3,3,1,7,5,3,2,2,2,2
29,"No","Travel_Frequently",1413,"Sales",1,1,"Medical",1,2,42,3,3,"Sales Executive",4,"Married",7918,6599,1,"Y",14,3,4,1,11,5,3,11,10,4,1
50,"No","Travel_Rarely",989,"Research & Development",7,2,"Medical",1,2,43,2,5,"Research Director",3,"Divorced",18740,16701,5,"Y",12,3,4,1,29,2,2,27,3,13,8
36,"No","Non-Travel",1434,"Sales",8,4,"Life Sciences",1,1,76,2,3,"Sales Executive",1,"Single",7587,14229,1,"Y",15,3,2,0,10,1,3,10,7,0,9
47,"Yes","Travel_Frequently",719,"Sales",27,2,"Life Sciences",1,2,77,4,2,"Sales Executive",3,"Single",6397,10339,4,"Y",12,3,4,0,8,2,3,5,4,1,3
27,"No","Non-Travel",210,"Sales",1,1,"Marketing",1,3,73,3,2,"Sales Executive",2,"Married",6349,22107,0,"Y",13,3,4,1,6,0,3,5,4,1,4
20,"Yes","Travel_Frequently",871,"Research & Development",6,3,"Life Sciences",1,4,66,2,1,"Laboratory Technician",4,"Single",2926,19783,1,"Y",18,3,2,0,1,5,3,1,0,1,0
31,"Yes","Travel_Rarely",249,"Sales",6,4,"Life Sciences",1,2,76,1,2,"Sales Executive",3,"Married",6172,20739,4,"Y",18,3,2,0,12,3,2,7,7,7,7
22,"No","Travel_Rarely",594,"Research & Development",2,1,"Technical Degree",1,3,100,3,1,"Laboratory Technician",4,"Married",2523,19299,0,"Y",14,3,3,1,3,2,3,2,1,2,1
34,"No","Travel_Rarely",304,"Sales",2,3,"Other",1,4,60,3,2,"Sales Executive",4,"Single",6274,18686,1,"Y",22,4,3,0,6,5,3,6,5,1,4
52,"No","Travel_Rarely",699,"Research & Development",1,4,"Life Sciences",1,3,65,2,5,"Manager",3,"Married",19999,5678,0,"Y",14,3,1,1,34,5,3,33,18,11,9
33,"No","Non-Travel",750,"Sales",22,2,"Marketing",1,3,95,3,2,"Sales Executive",2,"Married",6146,15480,0,"Y",13,3,1,1,8,2,4,7,7,0,7
19,"No","Travel_Rarely",1181,"Research & Development",3,1,"Medical",1,2,79,3,1,"Laboratory Technician",2,"Single",1483,16102,1,"Y",14,3,4,0,1,3,3,1,0,0,0
39,"No","Travel_Frequently",1218,"Research & Development",1,1,"Life Sciences",1,2,52,3,5,"Manager",3,"Divorced",19197,8213,1,"Y",14,3,3,1,21,3,3,21,8,1,6
51,"No","Travel_Rarely",1169,"Research & Development",7,4,"Medical",1,2,34,2,2,"Manufacturing Director",3,"Married",6132,13983,2,"Y",17,3,3,0,10,2,3,1,0,0,0
36,"No","Travel_Rarely",329,"Research & Development",2,3,"Life Sciences",1,4,96,3,1,"Research Scientist",3,"Married",2543,11868,4,"Y",13,3,2,1,6,3,3,2,2,2,2
37,"No","Travel_Frequently",319,"Sales",4,4,"Marketing",1,1,41,3,1,"Sales Representative",4,"Divorced",2793,2539,4,"Y",17,3,3,1,13,2,3,9,8,5,8
38,"No","Travel_Rarely",362,"Research & Development",1,1,"Life Sciences",1,3,43,3,1,"Research Scientist",1,"Single",2619,14561,3,"Y",17,3,4,0,8,3,2,0,0,0,0
37,"No","Travel_Rarely",1192,"Research & Development",5,2,"Medical",1,4,61,3,2,"Manufacturing Director",4,"Divorced",6347,23177,7,"Y",16,3,3,2,8,2,2,6,2,0,4
31,"No","Travel_Rarely",140,"Research & Development",12,1,"Medical",1,3,95,3,1,"Research Scientist",4,"Married",3929,6984,8,"Y",23,4,3,1,7,0,3,4,2,0,2
48,"No","Travel_Rarely",1236,"Research & Development",1,4,"Life Sciences",1,4,40,2,4,"Manager",1,"Married",15402,17997,7,"Y",11,3,1,1,21,3,1,3,2,0,2
32,"No","Travel_Rarely",427,"Research & Development",1,3,"Medical",1,1,33,3,2,"Manufacturing Director",4,"Married",6162,10877,1,"Y",22,4,2,1,9,3,3,9,8,7,8
56,"No","Travel_Rarely",1400,"Research & Development",7,3,"Life Sciences",1,4,49,1,3,"Manufacturing Director",4,"Single",7260,21698,4,"Y",11,3,1,0,37,3,2,6,4,0,2
33,"No","Travel_Rarely",924,"Research & Development",2,3,"Medical",1,3,78,3,1,"Laboratory Technician",4,"Single",2496,6670,4,"Y",11,3,4,0,7,3,3,1,1,0,0
42,"No","Travel_Rarely",691,"Sales",8,4,"Marketing",1,3,48,3,2,"Sales Executive",2,"Married",6825,21173,0,"Y",11,3,4,1,10,2,3,9,7,4,2
47,"No","Travel_Rarely",202,"Research & Development",2,2,"Other",1,3,33,3,4,"Manager",4,"Married",16752,12982,1,"Y",11,3,3,1,26,3,2,26,14,3,0
28,"No","Travel_Rarely",1158,"Research & Development",9,3,"Medical",1,4,94,3,1,"Research Scientist",4,"Married",2070,2613,1,"Y",23,4,4,1,5,3,2,5,2,0,4
37,"Yes","Travel_Frequently",504,"Research & Development",10,3,"Medical",1,1,61,3,3,"Manufacturing Director",3,"Divorced",10048,22573,6,"Y",11,3,2,2,17,5,3,1,0,0,0
30,"No","Non-Travel",641,"Sales",25,2,"Technical Degree",1,4,85,3,2,"Sales Executive",3,"Married",4736,6069,7,"Y",12,3,2,1,4,2,4,2,2,2,2
29,"No","Travel_Rarely",738,"Research & Development",9,5,"Other",1,2,30,2,1,"Laboratory Technician",4,"Single",3983,7621,0,"Y",17,3,3,0,4,2,3,3,2,2,2
38,"No","Travel_Rarely",702,"Sales",1,4,"Life Sciences",1,1,59,2,2,"Sales Executive",4,"Single",8686,12930,4,"Y",22,4,3,0,12,2,4,8,3,0,7
37,"No","Travel_Rarely",1372,"Research & Development",1,3,"Life Sciences",1,4,42,3,1,"Research Scientist",4,"Single",2115,15881,1,"Y",12,3,2,0,17,3,3,17,12,5,7
38,"Yes","Travel_Rarely",1180,"Research & Development",29,1,"Medical",1,2,70,3,2,"Healthcare Representative",1,"Married",6673,11354,7,"Y",19,3,2,0,17,2,3,1,0,0,0
31,"No","Travel_Rarely",691,"Sales",7,3,"Marketing",1,4,73,3,2,"Sales Executive",4,"Divorced",7547,7143,4,"Y",12,3,4,3,13,3,3,7,7,1,7
19,"Yes","Travel_Rarely",528,"Sales",22,1,"Marketing",1,4,50,3,1,"Sales Representative",3,"Single",1675,26820,1,"Y",19,3,4,0,0,2,2,0,0,0,0
55,"No","Travel_Rarely",1311,"Research & Development",2,3,"Life Sciences",1,3,97,3,4,"Manager",4,"Single",16659,23258,2,"Y",13,3,3,0,30,2,3,5,4,1,2
34,"No","Travel_Rarely",470,"Research & Development",2,4,"Life Sciences",1,4,84,2,2,"Manufacturing Director",1,"Married",5957,23687,6,"Y",13,3,2,1,13,3,3,11,9,5,9
58,"No","Non-Travel",390,"Research & Development",1,4,"Life Sciences",1,4,32,1,2,"Healthcare Representative",3,"Divorced",5660,17056,2,"Y",13,3,4,1,12,2,3,5,3,1,2
22,"No","Non-Travel",1123,"Research & Development",16,2,"Medical",1,4,96,4,1,"Laboratory Technician",4,"Divorced",2935,7324,1,"Y",13,3,2,2,1,2,2,1,0,0,0
34,"Yes","Travel_Frequently",296,"Sales",6,2,"Marketing",1,4,33,1,1,"Sales Representative",3,"Divorced",2351,12253,0,"Y",16,3,4,1,3,3,2,2,2,1,0
21,"No","Travel_Rarely",996,"Research & Development",3,2,"Medical",1,4,100,2,1,"Research Scientist",3,"Single",3230,10531,1,"Y",17,3,1,0,3,4,4,3,2,1,0
31,"No","Travel_Rarely",525,"Sales",6,4,"Medical",1,1,66,4,2,"Sales Executive",4,"Divorced",5460,6219,4,"Y",22,4,4,2,13,4,4,7,7,5,7
28,"No","Travel_Rarely",440,"Research & Development",21,3,"Medical",1,3,42,3,1,"Research Scientist",4,"Married",2713,6672,1,"Y",11,3,3,1,5,2,1,5,2,0,2
32,"Yes","Travel_Frequently",1125,"Research & Development",16,1,"Life Sciences",1,2,72,1,1,"Research Scientist",1,"Single",3919,4681,1,"Y",22,4,2,0,10,5,3,10,2,6,7
59,"No","Travel_Rarely",1435,"Sales",25,3,"Life Sciences",1,1,99,3,3,"Sales Executive",1,"Single",7637,2354,7,"Y",11,3,4,0,28,3,2,21,16,7,9
36,"No","Non-Travel",845,"Sales",1,5,"Medical",1,4,45,3,2,"Sales Executive",4,"Single",6653,15276,4,"Y",15,3,2,0,7,6,3,1,0,0,0
31,"Yes","Travel_Rarely",542,"Sales",20,3,"Life Sciences",1,2,71,1,2,"Sales Executive",3,"Married",4559,24788,3,"Y",11,3,3,1,4,2,3,2,2,2,2
43,"No","Travel_Frequently",1001,"Research & Development",9,5,"Medical",1,4,72,3,2,"Laboratory Technician",3,"Divorced",5679,19627,3,"Y",13,3,2,1,10,3,3,8,7,4,7
35,"No","Travel_Rarely",755,"Research & Development",9,4,"Life Sciences",1,3,97,2,2,"Healthcare Representative",2,"Single",6540,19394,9,"Y",19,3,3,0,10,5,3,1,1,0,0
27,"No","Non-Travel",691,"Research & Development",9,3,"Medical",1,4,57,3,1,"Research Scientist",2,"Divorced",2024,5970,6,"Y",18,3,4,1,6,1,1,2,2,2,2
40,"No","Travel_Frequently",580,"Sales",5,4,"Life Sciences",1,4,48,2,3,"Sales Executive",1,"Married",10475,23772,5,"Y",21,4,3,1,20,2,3,18,13,1,12
30,"No","Travel_Rarely",570,"Sales",5,3,"Marketing",1,4,30,2,2,"Sales Executive",3,"Divorced",6118,5431,1,"Y",13,3,3,3,10,2,3,10,9,1,2
46,"Yes","Travel_Rarely",669,"Sales",9,2,"Medical",1,3,64,2,3,"Sales Executive",4,"Single",9619,13596,1,"Y",16,3,4,0,9,3,3,9,8,4,7
29,"Yes","Travel_Rarely",805,"Research & Development",1,2,"Life Sciences",1,2,36,2,1,"Laboratory Technician",1,"Married",2319,6689,1,"Y",11,3,4,1,1,1,3,1,0,0,0
59,"No","Travel_Rarely",1324,"Research & Development",3,3,"Medical",1,3,81,4,1,"Laboratory Technician",1,"Married",2670,9964,4,"Y",20,4,1,3,12,3,2,1,0,0,0
32,"No","Non-Travel",976,"Sales",26,4,"Marketing",1,3,100,3,2,"Sales Executive",4,"Married",4465,12069,0,"Y",18,3,1,0,4,2,3,3,2,2,2
34,"No","Travel_Rarely",970,"Research & Development",8,2,"Medical",1,2,96,3,2,"Healthcare Representative",3,"Single",6142,7360,3,"Y",11,3,4,0,10,2,3,5,1,4,3
45,"No","Travel_Rarely",1385,"Research & Development",20,2,"Medical",1,3,79,3,4,"Healthcare Representative",4,"Married",13496,7501,0,"Y",14,3,2,0,21,2,3,20,7,4,10
34,"No","Travel_Rarely",629,"Research & Development",27,2,"Medical",1,4,95,3,1,"Research Scientist",2,"Single",2311,5711,2,"Y",15,3,4,0,9,3,3,3,2,1,2
48,"Yes","Travel_Rarely",626,"Research & Development",1,2,"Life Sciences",1,1,98,2,3,"Laboratory Technician",3,"Single",5381,19294,9,"Y",13,3,4,0,23,2,3,1,0,0,0
37,"No","Travel_Rarely",1107,"Research & Development",14,3,"Life Sciences",1,4,95,3,1,"Laboratory Technician",1,"Divorced",3034,26914,1,"Y",12,3,3,1,18,2,2,18,7,12,17
42,"No","Travel_Rarely",932,"Research & Development",1,2,"Life Sciences",1,4,43,2,2,"Manufacturing Director",4,"Married",6062,4051,9,"Y",13,3,4,1,8,4,3,4,3,0,2
50,"Yes","Travel_Rarely",869,"Sales",3,2,"Marketing",1,1,86,2,1,"Sales Representative",3,"Married",2683,3810,1,"Y",14,3,3,0,3,2,3,3,2,0,2
34,"No","Travel_Rarely",1111,"Sales",8,2,"Life Sciences",1,3,93,3,2,"Sales Executive",1,"Married",6500,13305,5,"Y",17,3,2,1,6,1,3,3,2,1,2
44,"No","Non-Travel",489,"Research & Development",23,3,"Medical",1,2,67,3,2,"Laboratory Technician",2,"Married",2042,25043,4,"Y",12,3,3,1,17,3,4,3,2,1,2
42,"No","Travel_Rarely",319,"Research & Development",24,3,"Medical",1,4,56,3,3,"Manufacturing Director",1,"Married",7406,6950,1,"Y",21,4,4,1,10,5,2,10,9,5,8
32,"No","Travel_Rarely",334,"Research & Development",5,2,"Life Sciences",1,1,80,4,1,"Research Scientist",2,"Divorced",3298,15053,0,"Y",12,3,4,2,7,5,2,6,2,0,5
29,"No","Travel_Rarely",1210,"Sales",2,3,"Medical",1,1,78,2,2,"Sales Executive",2,"Married",6644,3687,2,"Y",19,3,2,2,10,2,3,0,0,0,0
34,"Yes","Travel_Frequently",988,"Human Resources",23,3,"Human Resources",1,2,43,3,3,"Human Resources",1,"Divorced",9950,11533,9,"Y",15,3,3,3,11,2,3,3,2,0,2
42,"No","Travel_Frequently",1474,"Research & Development",5,2,"Other",1,2,97,3,1,"Laboratory Technician",3,"Married",2093,9260,4,"Y",17,3,4,1,8,4,3,2,2,2,0
27,"No","Non-Travel",1450,"Research & Development",3,3,"Medical",1,3,79,2,1,"Research Scientist",3,"Divorced",2566,25326,1,"Y",15,3,4,1,1,2,2,1,1,0,1
43,"No","Travel_Rarely",982,"Research & Development",12,3,"Life Sciences",1,1,59,2,4,"Research Director",2,"Divorced",14336,4345,1,"Y",11,3,3,1,25,3,3,25,10,3,9
35,"No","Travel_Rarely",809,"Research & Development",16,3,"Medical",1,1,84,4,1,"Laboratory Technician",2,"Married",2426,16479,0,"Y",13,3,3,1,6,5,3,5,4,0,3
26,"No","Travel_Rarely",1355,"Human Resources",25,1,"Life Sciences",1,3,61,3,1,"Human Resources",3,"Married",2942,8916,1,"Y",23,4,4,1,8,3,3,8,7,5,7
28,"Yes","Travel_Rarely",103,"Research & Development",24,3,"Life Sciences",1,3,50,2,1,"Laboratory Technician",3,"Single",2028,12947,5,"Y",14,3,2,0,6,4,3,4,2,0,3
53,"No","Travel_Rarely",1282,"Research & Development",5,3,"Other",1,3,58,3,5,"Manager",3,"Divorced",19094,10735,4,"Y",11,3,4,1,26,3,2,14,13,4,8
33,"No","Travel_Rarely",147,"Research & Development",4,4,"Medical",1,3,47,2,1,"Research Scientist",2,"Married",2622,13248,6,"Y",21,4,4,0,7,3,3,3,2,1,1
30,"No","Travel_Rarely",852,"Research & Development",1,1,"Life Sciences",1,4,55,2,2,"Laboratory Technician",4,"Married",5126,15998,1,"Y",12,3,3,2,10,1,2,10,8,3,0
41,"No","Travel_Rarely",896,"Sales",6,3,"Life Sciences",1,4,75,3,3,"Manager",4,"Single",13591,14674,3,"Y",18,3,3,0,16,3,3,1,0,0,0
36,"No","Travel_Frequently",566,"Research & Development",18,4,"Life Sciences",1,3,81,4,1,"Laboratory Technician",4,"Married",3688,7122,4,"Y",18,3,4,2,4,2,3,1,0,0,0
24,"No","Travel_Rarely",823,"Research & Development",17,2,"Other",1,4,94,2,1,"Laboratory Technician",2,"Married",2127,9100,1,"Y",21,4,4,1,1,2,3,1,0,0,0
30,"No","Travel_Frequently",160,"Research & Development",3,3,"Medical",1,3,71,3,1,"Research Scientist",3,"Divorced",2083,22653,1,"Y",20,4,3,1,1,2,3,1,0,0,0
21,"Yes","Travel_Frequently",756,"Sales",1,1,"Technical Degree",1,1,99,2,1,"Sales Representative",2,"Single",2174,9150,1,"Y",11,3,3,0,3,3,3,3,2,1,2
39,"Yes","Travel_Rarely",1162,"Sales",3,2,"Medical",1,4,41,3,2,"Sales Executive",3,"Married",5238,17778,4,"Y",18,3,1,0,12,3,2,1,0,0,0
29,"No","Travel_Rarely",153,"Research & Development",15,2,"Life Sciences",1,4,49,2,2,"Laboratory Technician",3,"Single",4193,12682,0,"Y",12,3,4,0,10,3,3,9,5,0,8
46,"No","Travel_Rarely",705,"Sales",2,4,"Marketing",1,2,83,3,5,"Manager",1,"Single",18947,22822,3,"Y",12,3,4,0,22,2,2,2,2,2,1
42,"Yes","Travel_Frequently",933,"Research & Development",19,3,"Medical",1,3,57,4,1,"Research Scientist",3,"Divorced",2759,20366,6,"Y",12,3,4,0,7,2,3,2,2,2,2
37,"No","Non-Travel",1063,"Research & Development",25,5,"Medical",1,2,72,3,2,"Research Scientist",3,"Married",4449,23866,3,"Y",15,3,1,2,15,2,3,13,11,10,7
35,"No","Travel_Rarely",1315,"Research & Development",22,3,"Life Sciences",1,2,71,4,3,"Manager",2,"Divorced",11996,19100,7,"Y",18,3,2,1,10,6,2,7,7,6,2
38,"No","Travel_Frequently",240,"Research & Development",2,4,"Life Sciences",1,1,75,4,2,"Manufacturing Director",1,"Single",5980,26085,6,"Y",12,3,4,0,17,2,3,15,7,4,12
36,"No","Travel_Frequently",1195,"Research & Development",11,3,"Life Sciences",1,2,95,2,2,"Manufacturing Director",2,"Single",6499,22656,1,"Y",13,3,3,0,6,3,3,6,5,0,3
